id,type,age,gender,state
e1f14f5a-c1d3-40e4-b439-dd64ad231a90,adult,57,M,Selangor
d08a63a7-d401-4066-8c8e-f5245cde38d8,adult,60,M,KL
c81571c9-c464-4bb8-b504-b90f16bd1d60,adult,55,M,Sarawak
2077a523-935b-4422-ab0e-7514dd5f3169,adult,60,M,Sabah
d015fce0-e88d-4b76-88ec-738eb45a9565,adult,56,M,Selangor
30c49078-5368-4eaa-80cd-ebb5659bf5b7,adult,60,M,KL
d8f32617-0adb-44c5-a155-5541b54eba43,adult,60,M,Sabah
e2a68ef4-43a9-4bfe-8f06-88bc3981a89c,adult,53,F,KL
0872ea60-4e27-4a9f-beac-69b24767e4bf,adult,57,F,Selangor
f3019378-fae1-4201-8232-2391c0e0cbc4,adult,52,F,Penang
72652f6c-b573-47cd-8acc-4b9f09eabaca,adult,60,M,KL
0bbf84bc-598b-4fe0-8ee7-7fe85769b9bd,adult,58,M,Selangor
0ae8259a-cf75-4a52-a965-4bcd4f9b98b6,adult,60,M,Penang
25a1046b-be58-40f1-afdf-5e566e19b184,adult,55,F,Selangor
7c697e1c-b6a6-483a-b6f0-ededa70f7660,adult,59,M,Johor
ba58b4ad-2600-431e-b1db-8dec183e9138,adult,51,F,Sarawak
6e9d9565-5cd5-4552-8325-7ad1125ae0f9,adult,59,F,Sabah
ca805d8b-69d2-4eee-b9a0-63d0fed8fb81,adult,54,M,Selangor
260599ae-7edb-4fa9-bcf4-c39d0b2719ee,adult,60,M,Penang
ad3bbbec-b61d-4b2c-8e59-a077549d42c6,adult,60,M,Selangor
a782e313-1cd8-4f12-8f82-9418e87955d2,adult,56,F,Johor
2658626e-e280-423c-88d3-001fa2199b62,adult,60,F,KL
0080b10e-608a-44aa-8622-75b2586ec366,adult,55,F,KL
779b9cdd-014e-498d-a349-08f972b8e8eb,adult,60,F,Sarawak
5025cfbb-efae-4516-a515-41646df1cfc9,adult,60,M,Sabah
d8495883-5342-4d13-a9d9-a08f62c15281,adult,60,M,Sabah
d5b27180-c97a-4f6a-baec-51a9e7303e5c,adult,60,M,Johor
709be966-543d-4743-9923-656c71824101,adult,56,F,Sarawak
b401182a-2760-428b-a01f-4a00d2657f11,adult,60,M,Sarawak
41dab428-c3d5-423d-affc-80942e307a43,adult,57,M,KL
838dfc5b-6f79-4c5f-9bc3-0dc87b6a5acc,adult,50,F,Johor
a1753181-a427-4ab4-8df5-5cfd5a6e235e,adult,59,M,KL
35b7e42c-54bb-4831-86ef-ca2eab34b2fa,adult,59,F,KL
6b8468f3-ed77-4907-8c95-977c0340d21a,adult,60,F,Johor
bcb9e2f6-04da-4bd4-8636-f7d0fb9487a8,adult,60,F,KL
805afd88-0b5f-49e6-a1b5-d5825eae2183,adult,56,M,KL
f7fdf59d-d1b9-4e05-a16e-5e80baa8ab4d,adult,58,F,Sarawak
e6fcb8fb-3a7e-4a42-becd-d0eb563788fe,adult,59,F,Sabah
787b70a8-3484-49d2-9478-c02dac68f9e6,adult,56,F,KL
21446f4d-e10d-4230-8455-f114fed43f22,adult,52,F,Selangor
387148ec-6f52-4aa7-b432-ce38e3ebc12e,adult,54,M,KL
8489c8c3-10aa-4335-ba58-93985fb11fca,adult,59,M,Sarawak
a204b50a-601c-41fc-89d4-a1257c4473af,adult,56,M,Johor
e56c3549-cc42-403a-aa96-094db14c8e2c,adult,56,F,Sabah
51142787-550f-48a7-9810-c5dcaebcc491,adult,60,M,Sarawak
f741634f-a92b-4d0d-823d-5c97891fda19,adult,51,F,Sarawak
191cf20b-5360-4fb8-9570-91832eca7135,adult,59,M,Penang
c14b87b8-9248-413e-91bb-f439eb6de645,adult,60,M,Johor
32fd8feb-94fe-40c1-8c3a-1606ed695aef,adult,50,F,Sabah
0224d55f-0f2b-4f59-9877-1c4571cafa60,adult,60,M,Sarawak
67ea4767-b304-4b10-8c49-278a5a2b6c77,adult,60,M,KL
8596d0f9-3d8f-40ed-bfc6-3a1b1928ad5e,adult,60,M,Sabah
e583244a-fdad-429a-896b-c50a060ddff7,adult,60,M,Sabah
b3b935b5-845d-433c-8df3-147e9c78b270,adult,55,F,Selangor
ee206bfd-6054-4719-b35a-5909115d154b,adult,51,F,Penang
4fae122e-685d-4070-912e-8c6543a6f2aa,adult,60,M,KL
87724d38-7b3c-45c1-832d-502d2c2737a1,adult,60,M,Selangor
a069dc7f-a595-40ef-978c-8c5447a2e307,adult,60,M,Sabah
9288afc9-67a4-4bd3-bc4d-c1d66f5bdc2c,adult,60,M,Sarawak
8afe7a35-6f75-409c-b782-e4296d4c145d,adult,60,M,Penang
0f85c716-b7ff-450a-89a2-3bb866247e77,adult,58,F,KL
8a4ab9f9-5164-49cf-a7c7-96a703df2d5b,adult,57,M,Sarawak
5373fa30-ca64-406a-90ab-0425ecb92377,adult,54,F,Sarawak
832ad7ef-03e4-48d0-a5a7-8f984aa125f8,adult,60,F,Johor
aca1d37b-ba9f-41f0-b9ee-9904b69bf5af,adult,58,F,Selangor
d42ca87a-9eaa-44f8-a3a5-4d23da8e1b15,adult,60,M,Selangor
23a00461-0d3c-4ee3-8e0e-b3bb0b926e03,adult,57,M,Sabah
7c5c0d33-afc7-4ae7-b93e-a93bff395b13,adult,60,M,Sabah
8ad8279f-5f5f-41b8-89c4-115f6a11a86d,adult,56,M,Selangor
fe199bb9-11dd-4d87-a519-61c043f45a8a,adult,55,M,KL
9a950402-3277-4464-8e9e-6fc74b89b282,adult,60,M,Penang
b004d7cd-a25e-4a24-8126-fe8f2c1d8c15,adult,58,M,Penang
a1527180-c148-4b91-a612-b635fc2ad1b6,adult,60,F,KL
76cf4b32-e18f-4220-92d0-09c48d56df82,adult,57,M,Sarawak
232ab661-bd40-4db4-b94d-1354ddaec6f2,adult,59,F,KL
acbff34b-d5d7-4606-893a-d63faa510ac4,adult,57,F,KL
e3ffa80c-4729-4dad-b1ce-6e5c00a4ecc2,adult,60,M,Sarawak
d1b751bd-c381-49ce-aa6a-05fbd3fdfd12,adult,56,F,Johor
1ce54373-8bb9-494f-a16c-33cf8d6c305a,adult,56,F,Sarawak
c3e94488-d5fc-4404-b023-0c7d093b75aa,adult,60,M,Selangor
1db6ea6e-1cba-4404-8741-31d624c80e8d,adult,56,F,Selangor
b389a754-bf60-41fb-8965-e32ade780db1,adult,60,M,KL
7c8c0f9a-e776-4512-8ebe-0c3fb1a86562,adult,58,F,KL
c378907c-bd76-46ab-90b2-a287442e6b5a,adult,60,M,Penang
7fc75bb6-34c4-4f9b-9221-c4dada67d966,adult,60,M,Selangor
82ad40bc-9b04-437b-b298-b80106273f06,adult,55,M,Selangor
b494bc67-26c4-4a06-9972-7ae5f83397bf,adult,57,M,Selangor
b77483af-375b-4383-8469-de89645b3cd4,adult,60,M,Johor
0546ff93-0c1c-469f-94a3-7e8bd0301020,adult,57,F,KL
8db3cbe7-0c85-4d69-a277-d6f78cc21497,adult,56,M,KL
6fd676a1-10b5-4626-b92b-4a198c7d0a0f,adult,59,M,Johor
9cf27ca3-8d47-4a8a-9ba9-e59ee41edd83,adult,54,F,Penang
eddc42a4-69db-44f4-8e3e-33c042aaac16,adult,56,F,KL
6fef84df-7932-4fc6-a1c1-16b056682045,adult,53,F,KL
e108284e-ab97-45d5-a970-1c2021495c80,adult,57,M,Sarawak
0694046c-1f0d-43fb-903c-f813c83795ad,adult,56,M,Selangor
6a7366fe-2cc0-41bb-943d-1154ac3635e9,adult,59,F,Sabah
fcfced05-1b1e-4a78-95f4-bfc4e8ffda51,adult,60,M,Selangor
192050c1-de18-47fd-aa81-486a59e4850a,adult,59,M,KL
d06e7320-d35b-45a0-893d-9f914e6c599a,adult,59,M,Sarawak
51972659-5548-43fa-8821-007b557b1cdc,adult,53,F,Selangor
f2d3a1b9-2ffc-41a9-a72b-8553ceb98404,adult,60,M,Sabah
841da475-17c9-4385-ad68-af373f1a8d74,adult,60,M,Sabah
e53e0ca7-b928-4270-b56a-8a7e11b44b0e,adult,51,F,Sarawak
376d0032-f34b-4a49-8a08-bcba447568be,adult,59,F,Penang
7d2f2b54-5bd2-4fbb-865b-b3587db326a0,adult,53,F,KL
f0abf957-9dbe-43c5-877c-da7c3ab85351,adult,54,F,KL
fb00bfba-f68a-44ce-af10-7716d095f6f2,adult,60,F,Johor
7ba8e13b-6bc7-490c-bf61-d8c22f7c452d,adult,54,M,Selangor
f63aebf1-a34a-408b-b9aa-942898da3774,adult,60,M,Selangor
07396463-df96-4e05-b96a-a771b3942b15,adult,56,M,Sabah
69ec8bd1-bf00-4e27-8196-dff70d802e57,adult,58,M,Penang
2ac13362-3d0c-4170-be73-993d3f257d63,adult,53,M,Penang
e53b4061-a4c2-4346-9926-844851307b1b,adult,59,M,Johor
100ca49a-1aa0-42b8-8915-588cde91a04d,adult,58,F,Sabah
f54b3973-fae1-49aa-bd8f-e0dd74ede618,adult,54,M,Sarawak
a0a13efb-5b30-4b17-a866-dd0b48964eb8,adult,58,F,Sarawak
de88d762-5d7e-4774-a332-f2b55ea2d861,adult,58,M,Penang
f346169a-1c5a-4e54-be1c-4ce6c5a93386,adult,59,M,Sarawak
7248beca-dc0f-495d-952a-09853a21ebed,adult,60,M,Penang
e7a331f0-fb37-48f3-8c57-36c03b7f1130,adult,56,M,Sarawak
ffec8503-29eb-4e99-8fb3-de8bf179a079,adult,60,M,Sarawak
a3840695-eb91-45ea-9104-2f35523f733d,adult,60,F,Sabah
37b4ea91-ae05-44f4-b2fb-f4a5a50a346a,adult,57,F,Selangor
2a6dfd8e-e6ee-4672-af67-2ff1e34449ef,adult,51,F,Penang
c698fb34-0fed-4ff7-8979-46dbdab1c957,adult,60,M,Penang
4f388624-7f9c-426b-9db8-52281b7660c7,adult,52,F,KL
d88b5a12-d67e-4a68-b10e-ebdbd4e910ff,adult,57,F,Sabah
54078a34-1ebb-4b8d-94cb-a5cce19df4ef,adult,58,M,Selangor
cc807bae-3421-40cb-b83c-d63d15a7311f,adult,60,M,Penang
b8683e11-baaf-4d1e-aa4a-72dfb1af96b9,adult,57,M,Johor
052de4c8-7f51-43e6-8db9-ae83357b866f,adult,60,M,Penang
d0395693-899e-4bab-8f87-819c557909e3,adult,60,M,Penang
3e6fc43e-8592-4c52-b48d-169d0d1f02ef,adult,60,M,Sarawak
181d32ef-5f92-434e-addb-18762429800a,adult,51,F,Sabah
d8253ed0-8f1d-4337-8ae7-1322f3103822,adult,60,M,KL
749adb01-68bd-46de-9a83-19d77791af3c,adult,60,M,Johor
1827c0e2-d8cc-4a60-b9a5-a35708ba3965,adult,57,M,Sarawak
4e471377-27f3-4d8e-8489-d84624dea19a,adult,55,F,Sarawak
cba27a66-f022-45db-afce-b73aa8f4aaa6,adult,53,F,KL
592e42ee-20fe-4565-a2be-e8695fd426b7,adult,51,F,Selangor
5d849c67-0a30-4392-9d43-88b0fc24683f,adult,60,M,KL
cbd3f3df-5273-4da9-aa9f-c1a001c6acb9,adult,57,F,Penang
246c47a1-2e72-48b0-b316-78ba19ee93f4,adult,57,M,Selangor
5d0a8790-96c0-42b1-9b39-bcf6c0c3445e,adult,60,M,Johor
48cccc11-d8c2-439b-b659-036fe983c2a2,adult,55,F,Selangor
301f8a3c-6778-40e1-9e21-2ffea813667e,adult,54,F,Sarawak
0ce16b08-b6f6-40ef-ba32-c518b085b296,adult,58,F,Sarawak
04eec5c7-b69d-4b56-8120-b5f5716b22ea,adult,58,F,Selangor
e60bac5f-1640-4070-9d24-923c14e51651,adult,51,F,KL
5a0b97c1-2de8-4ade-b406-5f9ff1f35421,adult,59,F,Selangor
ed02a723-6f5c-4029-a201-4860f246bbe9,adult,51,F,Penang
3e7d0d1f-13f2-4d31-aebf-01010cd6b61a,adult,55,F,Sabah
247cfa51-5c22-4ce9-894e-5f6537ed60c8,adult,60,M,Johor
ec8115a7-9ce7-459d-8cc7-a40db421cf47,adult,60,M,Penang
7a899394-0af5-4a66-aa7f-b45fb18e64af,adult,50,F,Selangor
653e2965-28f8-41c4-8e39-6e09e6d4e3f9,adult,59,M,Penang
00016cc9-ab1c-4c45-b6cd-575fd19e79a5,adult,58,M,Sarawak
9efa7fcb-acbb-47fe-9161-d9514d19b3e8,adult,55,F,Sarawak
4e52fb92-4993-403a-9254-5da89f753d8b,adult,51,F,Sabah
287e6baa-3af2-44d2-8150-ed00230616bc,adult,54,F,Penang
a43f3466-6c37-48e4-84fd-f3cceb31a527,adult,56,F,Sabah
187fc861-0394-4a33-8c5c-6e4b20584c3a,adult,58,M,Johor
3a8a2b7d-61f3-4f6c-a09e-55ab296de9f7,adult,60,F,Sarawak
8ed40b54-8bfc-4bf8-a969-fe94ef4f3b35,adult,52,F,Johor
8cdf99ab-1296-4e3b-a8b1-f419ff0e0ad3,adult,56,M,Penang
7a54a02c-af55-45d5-917d-7b8c52bea020,adult,60,M,Johor
24510990-2f2c-43e0-b371-9044012857f7,adult,59,F,Johor
30a8acb5-e22c-4e70-a18a-839c83ad31ae,adult,57,F,Sarawak
7c4af235-9204-419b-90fb-f2f6bce1ee79,adult,53,F,Sarawak
10086f5f-cc36-4045-9075-d77018da5793,adult,59,M,Penang
d3f5e1ff-f3f2-4db8-9cbe-c2e84a102939,adult,58,F,Selangor
c2c57f42-a829-4876-b876-b77b8e4ee00f,adult,53,F,KL
e92c7b26-4892-44dd-a9d4-3e063687c4ce,adult,58,M,Selangor
4f3e75d3-8d91-4b07-8a6b-d26ce47c0ae1,adult,58,M,Johor
7e9615e9-2ac3-404c-a3ad-b0918fc06eea,adult,60,M,Johor
622b9ab2-12a0-4078-a5b3-6b46c673110f,adult,56,M,Sarawak
5a0cd8f6-2fd1-4870-bd9b-66cd5a9745e4,adult,56,F,Johor
d8bba0ba-ec59-47b4-a198-94af50592130,adult,58,M,Sarawak
6b3f69c4-670f-4d23-8e82-faeffea927bc,adult,54,M,Johor
916b0e8c-516b-4765-8b85-8e29fc06cdcb,adult,60,M,Sarawak
82241b0a-e6c0-41bb-a2dd-c773b1b16511,adult,58,F,Selangor
91a900cf-5a20-4282-ad05-e95e74f25d61,adult,53,M,Selangor
3ab8760b-8b17-423d-98e2-2351b022c747,adult,60,M,Johor
ad9d81c3-45a7-4f63-8586-dfd261524e94,adult,60,F,Johor
630d100a-5d52-47e3-8d04-d3aa434683ba,adult,59,F,Sabah
9cdb1c86-8970-48ac-b1d4-15b9957abab1,adult,60,M,Sarawak
81d3d55a-4f96-48ae-a887-fd00c1399753,adult,57,F,Penang
f24874c0-b4eb-455f-98c2-2da294b9c930,adult,53,F,Sabah
0f4f14d9-e728-4177-adad-0402e13ec03c,adult,59,M,Penang
f3e46d0e-0ed9-4518-96f5-c043d1b3213e,adult,59,M,Sarawak
664fdace-ca30-4eb4-8866-eb48d12ba0be,adult,57,M,Penang
ff089c9c-549c-4cc2-9e17-203726d65cb4,adult,55,F,Sabah
ee1211a3-3c4e-4811-b410-6d83e6542978,adult,60,M,KL
a915217c-1327-4c2f-9010-a6935c9ac362,adult,53,F,Sarawak
62ff1518-dc7f-4d0d-b157-11a24d9a60ef,adult,60,M,Selangor
e15f83b9-c497-4bef-b216-7f8554472873,adult,56,F,Penang
83a0ad27-6672-4046-9319-4a09ca5e0d96,adult,58,F,Johor
3a8209bf-103f-4b77-a8c8-6cf028e4c39f,adult,60,M,Johor
90ec47a6-8ff1-4651-a8d1-433be76cf0c7,adult,55,M,Sabah
b16ec3f7-ee5e-4828-a5ed-fdfe373c93d0,adult,56,F,Selangor
6fdccd96-86e9-4e9d-838d-c26d3a4b0d21,adult,55,F,Johor
87434373-1c9e-42a6-8996-6552e97dfbfb,adult,57,M,Johor
d97e7f15-2621-4677-9831-22e7ed44af79,adult,53,F,Johor
76c0e379-20c8-4bc8-93e1-e6557e1a993f,adult,60,M,Johor
85f5ad4e-743d-4aa4-a5c1-f0ae420cab55,adult,55,F,Sarawak
a79122f3-3915-4585-b65a-b49e5d18d848,adult,52,F,KL
f67e3c16-8fe2-4f39-9030-7691c07082da,adult,58,M,Johor
456a3f8e-a889-468f-9371-6bfaf9da2786,adult,56,M,Selangor
4fb1d9bd-4011-4fb5-ab3b-78266878f416,adult,60,F,KL
3852e7df-0d40-4279-8dfb-fdabfc25c4bf,adult,60,M,Selangor
4bab9278-03b4-4a25-8445-9df1d78d9d8c,adult,54,F,Penang
27d70ec2-c918-433a-ac7e-b8a81d5f7c1f,adult,53,F,Penang
7922d63f-c1b8-4f72-a1f0-c8a03dd13858,adult,55,F,Penang
2120b234-c221-46de-91b4-14917f9a385e,adult,56,F,Selangor
f875d982-557b-4f71-ba53-921687448e74,adult,56,M,Sarawak
4a2015bd-50bb-4cfd-906a-68381137a24b,adult,56,M,Penang
ba207ff3-2e27-478a-a1a9-7084dee0b424,adult,60,M,Sarawak
c7b0a0ff-dca3-4048-888d-132f5aab1a46,adult,60,M,KL
17f7d88f-aa57-4bae-b2e5-430de429b483,adult,60,M,Sabah
5a088d51-7057-48e9-b0d6-7a0a81d4f253,adult,60,M,KL
cd7721da-08fb-463a-adf9-50a6480903a6,adult,58,M,Sabah
4bacae41-7e3f-40d8-99e7-10bf9d5cb033,adult,53,F,Sarawak
97ede175-46f5-4e91-8d74-aebca3e5ae30,adult,54,F,KL
087d4785-c8e1-4efa-86bc-5f5571dbed0d,adult,57,M,KL
c6c5b4ef-1473-424f-9fbd-447117975719,adult,60,M,Sabah
3611b48d-d7e4-4f84-b780-7fa026667387,adult,50,F,Sabah
1e354937-adaf-4b49-b4be-7d13216bfd73,adult,60,F,Johor
45274aac-2a53-4d1b-a29e-b15b4220f764,adult,58,M,Sabah
49827f22-c275-4fe8-a643-1f9f003c1dac,adult,60,M,Selangor
bc69d55e-c5fa-4da0-a906-f3a3edb55be2,adult,60,M,Sabah
567614db-7747-4cdc-97d3-ab2c51340fac,adult,50,F,Sabah
b822fdfe-4dbd-4aa4-8ac6-859b78752e0e,adult,56,F,Selangor
245ae662-45be-41ca-876d-ae8f7593f124,adult,58,F,Selangor
a6cbd114-10f9-445e-af13-a9a76fe623d7,adult,56,F,Selangor
9c32c2a4-435f-44c2-80ce-430df56a8b09,adult,56,F,Sarawak
ee87039e-44be-4747-a2e7-7de248d9fcc7,adult,60,M,Johor
0cf926b1-1bf1-4ec4-8027-654b84313a8f,adult,52,F,Sabah
be9bb02b-bd30-48be-9502-c88145fe4157,adult,58,F,Johor
5c566c15-5575-420e-b34d-623bc9b337ad,adult,56,F,Penang
2522265f-d274-47de-878c-b4f8adca3c04,adult,56,M,Penang
22997113-5b43-4987-a7cf-718dde09c28e,adult,60,M,Johor
74263608-9d00-449d-87f3-3488e0de2043,adult,59,F,Penang
8c5f656d-2876-4b11-92c2-04ad02190ea7,adult,50,F,Penang
95962eb8-18c6-4a90-a10d-8b6dede9eee2,adult,52,F,KL
fbeb1968-71f4-48d9-bc64-fbb999ad3cac,adult,55,F,Penang
090f3c1f-ce4e-4288-b2ca-16d126628eaa,adult,54,F,Sabah
38dc3829-05d7-4592-b930-6552a7366752,adult,59,M,Selangor
a5508a49-81b0-42db-9707-ae4e70265aa9,adult,53,F,Johor
5a25c0db-e31a-43b2-9781-079a5dd6a87d,adult,57,M,Sarawak
92f4562f-ab32-466a-8847-c1b23bf74eca,adult,57,F,Johor
b0d76bbc-aa65-4f07-923b-fd438a6ff569,adult,55,M,Penang
3744bc88-90b8-4848-b887-07f3fe96e2cc,adult,53,F,Sarawak
48c3e3f9-5ee1-464c-b234-de34188d3f01,adult,53,F,Sarawak
9fb868be-5040-49ae-aa44-76e7333dec1c,adult,59,F,Johor
448a7610-ef74-44d1-95c7-982af7f06be4,adult,58,F,Johor
82806bd4-2979-4c21-84fd-ab8c1564c244,adult,58,F,Penang
42a3db51-034c-4bc3-9f56-032d30cd46c3,adult,57,F,Penang
f87de553-bc59-4ca7-b257-6e98d6ad798b,adult,60,M,Selangor
1aa6182f-74b6-4070-938a-c646e0628384,adult,53,F,Selangor
ad8010fe-f1da-4b4f-ac0e-5dd76de6967e,adult,57,M,KL
b83a05c9-7b98-4aa4-bac7-67d8d4c789ec,adult,53,F,Penang
02864ca9-b41f-4e30-991d-1b828602c79a,adult,59,F,Selangor
f548c2c2-922d-4c13-8dcd-285661ebf720,adult,53,F,KL
cf9c5341-8481-41ed-b731-69dc5148272c,adult,55,M,Penang
9c83ca0e-0c4b-4c4f-99e3-58fbc0ce855d,adult,58,M,Penang
5ed0667b-2376-468f-8f95-d725af41f8fd,adult,54,M,Sabah
60f259d3-1785-44f1-b76d-f8754262f920,adult,58,M,Sarawak
171f7545-fad1-4eae-8afd-caa5f1e79aa0,adult,60,M,Selangor
9794b87f-a99d-41c5-b699-939149fb4f6c,adult,59,F,Johor
436499d1-43da-4da6-98ba-2ada360e91cb,adult,57,F,Penang
78419a0e-4f2e-4596-9a63-8cb6b7c609aa,adult,58,M,Penang
27874d24-ed87-4887-929f-a980af06ed69,adult,60,M,Selangor
75ee84ca-3f9e-4e4e-a561-0c90cf2b63e5,adult,56,F,Selangor
4f57e8dd-cc84-4faa-a97c-9d340789b54f,adult,55,M,KL
720f089b-5906-4289-8f76-e325f1260f52,adult,52,F,Selangor
c4c52f24-5e5d-41de-aed7-e0d1b0d26bda,adult,58,M,Sabah
86eba560-8407-4fbd-bce1-298732976fe9,adult,58,M,Sabah
f54471c2-1b77-4ac8-ac8f-937574e297a2,adult,56,F,Johor
9d8a6871-5c64-401c-b59b-f82aebde2891,adult,54,F,Penang
919c0af9-3f00-4992-aed6-755b7b428b11,adult,60,M,Sabah
d68769f3-3ac1-4e81-89a3-53217dbcc00e,adult,55,M,Sarawak
43db289e-60f5-45d5-b4cd-9d3557a4590e,adult,53,F,Sarawak
abfe7c8f-523f-4e52-b9b9-356ac7a011c8,adult,60,M,KL
1126daa5-3bd0-4aa2-8b49-d72149aa205e,adult,60,M,KL
946930ee-1a71-40f2-9a88-f362b07ba858,adult,50,F,Johor
f0f3dcc6-5aaa-4d55-a602-6e56c6ebeba6,adult,59,F,Penang
6a630837-df22-4699-a1e5-6de3c9e26a5b,adult,60,M,Penang
642642aa-6571-4d0b-8003-2e5c0d9e2aef,adult,54,F,Selangor
9f55aadf-0fcc-4426-8361-cf0a5827b18c,adult,56,M,Penang
1ed40f60-c4c0-464f-b62e-3741a5a695cb,adult,53,M,Johor
c723db21-2d3f-4cd5-b779-5028acd6f60a,adult,59,M,Sarawak
86e1ca9f-6bc5-4166-91e5-d1d53c0d31b7,adult,52,F,KL
120d2590-5aa0-42b9-b2a1-380464dffe0a,adult,60,M,KL
0f114c37-52e8-45a8-9773-932f95a3e0fd,adult,54,F,Johor
b861bd8d-6a2e-43fd-84dc-4b2e8496fe0a,adult,51,F,Sarawak
a85e656a-864a-4b24-b735-7b58c588cb91,adult,54,F,Penang
5fe3982d-5a71-4130-b874-7c6c0bdc7396,adult,58,F,Johor
bb668bf9-49c5-4e40-9b81-6412ad1d2a4c,adult,58,M,Johor
4a784097-72a0-458c-90b0-e32f5fc6d70f,adult,55,F,Selangor
cfb7cad6-2c53-422e-b73d-7c938ce1e681,adult,60,M,Sarawak
a35dd00e-be46-4fa8-89e2-943f7379142e,adult,58,M,Sarawak
ded3e33a-c98f-4a96-836a-5ef49c6ea4ca,adult,60,M,KL
55b5387c-2054-45a6-a47f-ecbcba5a3fca,adult,57,F,Penang
aefd1968-1969-48d5-b657-8da29a387532,adult,52,F,Sarawak
b000e8b9-632a-46c9-84f7-ee728be4dc2b,adult,60,M,Johor
eb7113c1-9da8-44cb-9322-33668572e355,adult,55,F,Penang
e08a2860-b724-45a3-a59f-f7ac90cd117b,adult,58,M,KL
1f4badb5-7505-4189-a1f9-face89669b03,adult,55,F,Sarawak
0401207f-f237-477a-b885-557a7f0f7783,adult,57,F,Sarawak
1b67eeab-8b48-4188-aa23-651e51aa7163,adult,58,M,Johor
bee199b9-69f0-4614-9569-33d71216d96c,adult,51,F,Penang
5d0bca5e-1bf0-4f8c-af38-7c8e88861e3d,adult,60,M,Johor
83f9067c-5395-4e4f-89c5-fb8144e1c5d5,adult,60,M,Sarawak
23c9a052-023b-4c67-a443-396fba024c03,adult,58,F,Johor
954f1fcf-8c9d-40fb-9b7c-6cdcce02807b,adult,57,M,Sabah
62621d49-9657-4f6c-a169-42ece6337299,adult,55,F,Sarawak
07f1e8ca-9b61-4fdf-baa7-cfa8af2dc577,adult,59,M,KL
135262b8-f77b-4784-a1c7-493eab5fe7b3,adult,60,M,Penang
d42e9305-e594-406f-ab36-0b91226fed4f,adult,57,F,Selangor
6fc4954a-0065-4040-b2aa-79da876cf580,adult,60,M,Sarawak
718ab273-fc59-4948-91b4-153ed6416da8,adult,52,F,Sabah
b7790043-b9a5-4246-984a-124905894aad,adult,50,F,Selangor
b37306fb-6b2e-4fac-9d0c-712b97a72526,adult,60,M,Johor
bda8cf58-1158-47ec-97ef-86b007319a42,adult,55,M,Johor
aaa35d42-05bc-4858-9fca-1312c0354244,adult,54,F,Johor
9746a9d2-5c35-4fdc-912f-2f2d4eb33720,adult,57,F,KL
f7f90018-ba60-4e3d-8414-de54699a9952,adult,56,M,Johor
bdcea73d-a228-47a3-bd11-a2b5be661739,adult,54,M,Selangor
336da3d1-28e2-41dc-87f1-319d627fe88e,adult,54,F,Penang
3d385429-878d-430a-a4db-2a85c089668a,adult,58,F,Selangor
bdd66161-a278-44d6-a4df-013152ec15fb,adult,54,F,Sabah
058bb0bc-c167-4c85-b6ff-eeed552ebdce,adult,59,F,KL
ef6ba168-4190-4a00-afa4-3d4bec01288f,adult,57,F,Penang
c168247e-03c0-41c7-9f75-2fa838659255,adult,55,F,Johor
a32ab0bb-64d6-4999-85e2-d8d1bcdbfa5a,adult,59,M,Sarawak
c0927080-ae2f-4116-994c-fd1baaabbef3,adult,53,F,KL
89bef7c4-0ecd-453f-bff0-61b6ba520f55,adult,60,M,Penang
88b70930-9595-4095-9061-ff22e0e2a2c9,adult,57,F,Johor
67be4566-7299-4ea7-9257-31b3262b0c0f,adult,60,M,Johor
661cc3b8-3dbb-4885-a7e6-cc24a33f861b,adult,60,M,Sabah
bf86d904-d918-4208-9bb3-d868bb915186,adult,59,F,Selangor
076bf8ef-b97f-4357-aa61-4f848cdde137,adult,59,M,Sabah
72ff1e65-4106-492d-9285-600f9f01ba92,adult,58,M,Sarawak
7c47bfd5-823d-4c85-98cd-29c72724b12e,adult,52,F,Sarawak
ad011b03-70e1-42b3-b18a-b19b57791086,adult,58,M,Johor
722fe3af-d5d3-4462-9741-f10ade6b0bd5,adult,54,F,Sabah
0277fa63-1afb-442d-b771-8ef9fa1bfbca,adult,60,M,Penang
f8b6f84a-ef45-4bf0-a704-583a6734e484,adult,60,F,Penang
afb91f47-4174-4255-accc-b113f12df539,adult,60,F,Sabah
07b3ce54-b730-4e12-b71b-831382427fa5,adult,59,M,KL
2de5ea38-fb74-4c92-a400-cf55490c440f,adult,60,F,KL
178f483f-a224-4f69-88a1-a63e1b8d3c1d,adult,51,F,Selangor
33c03a0a-997b-4a09-9bad-0f9ce00d6760,adult,60,M,Johor
d24303b8-e852-4edc-bb7f-8e5c4abca745,adult,52,F,Selangor
a24958e5-135f-4014-993b-332ef5d1a873,adult,50,F,Selangor
7616d2fb-0fb3-43c4-bd0d-41a4b500f491,adult,54,F,Penang
f361230c-0dcc-45ed-8df6-763b01f49dc2,adult,60,M,KL
0a68c62c-ee72-41ec-903c-eea5e6e6dc0a,adult,58,F,Sabah
732f44a2-ebbd-40c9-9557-9f692a7e1fdb,adult,60,M,KL
88b13f44-bb2f-4fc0-900a-c6a0da324cb3,adult,58,M,Sabah
bd077190-f70c-4d8b-834c-51dfac34c760,adult,55,M,Johor
9f19fddc-fabe-49f8-83bc-4a9dd725cad5,adult,60,M,KL
cecc5f76-b1d3-45d5-b93e-d8f4420d98ba,adult,57,F,Johor
c9bb8902-b71a-4608-ae7b-7e1e7258d423,adult,57,M,Johor
da1b0191-eb04-42d9-9c2f-1109febbde80,adult,60,M,Selangor
9a538211-c7b9-437f-bfb1-8c18bff12b93,adult,57,F,Sabah
eaf1d70a-dd6e-4bbe-9172-c05f9b2b0920,adult,54,F,Sarawak
db2690f7-d3d2-4dde-8865-3001a34a71c6,adult,54,F,Penang
c46fa89b-577e-495e-9f62-506454f92096,adult,53,F,Johor
6cc54b71-8638-4972-b433-a28333d1e5ff,adult,54,M,Johor
26d20534-be91-4edf-bdc2-eeff68cb5707,adult,59,F,Sabah
d6e2ddbc-1b98-4fad-8733-c8466fad1fdc,adult,54,F,Selangor
db743a7c-040b-407f-9c39-fd118900835e,adult,60,F,Penang
e097750b-ebf3-4fe7-8892-62a33c4dccdf,adult,55,M,Sabah
e00f9d6e-b7cb-445b-9080-0b3b14e89b0d,adult,57,F,KL
54900a58-995f-4ebd-b113-83994c8e6a3e,adult,59,F,KL
1194402b-4b7f-4b36-bc19-3808cd10c7b6,adult,60,M,Sabah
1d856632-aa4b-45c7-89ff-84c52afdeca5,adult,60,M,Sarawak
d5be5d8e-0f16-40b0-a554-4a234ee8218d,adult,55,M,Penang
1a905573-bb56-4451-b724-0bc87628ec4f,adult,60,M,Sabah
30538740-3411-4b80-a080-dd50777a9215,adult,60,M,Selangor
9c6c1bf6-f86d-4c9e-a32d-7e6593ce87ca,adult,54,F,Sarawak
7b36a0d8-ef21-475b-9192-8781f1fd3dc0,adult,60,M,KL
1bfb2576-1dc5-4624-a354-98dbf1616f5a,adult,52,F,Sabah
58cc7966-582f-45ae-b3cd-6534edd3c49d,adult,58,F,KL
8a28a813-8a75-413c-b6e3-3b886f7e7de2,adult,54,F,Penang
f45b81ac-3fd3-4337-a72c-b77bf2907c26,adult,56,M,Johor
0bb362ff-ab2b-4833-b629-553c2f691444,adult,55,M,KL
59b0d9bd-6de9-49fc-9c65-cdd8e36b5817,adult,60,F,Sabah
99b5148f-21c6-4e08-b0f3-8abb1ab5cc30,adult,60,M,Johor
6c706621-2525-48c3-9536-98a8c2458e93,adult,50,F,Sabah
1781755c-5d8c-4db5-8f12-0c048e2e1708,adult,51,F,Penang
204201fe-1e50-4d0e-80b8-8fe1a674d52c,adult,60,F,Sabah
c4bca324-7579-41c1-84a3-def363976aaf,adult,56,F,Selangor
a46f83d4-e698-4c07-ad68-34de70848600,adult,54,M,Johor
5ac81675-a4cd-461b-b2d5-de57ff2d8b83,adult,50,F,Sabah
332e3c25-66ef-42a7-8a3b-756dc651b32e,adult,60,M,Sarawak
6d5a1375-824e-412c-be86-333b60afed20,adult,57,F,Sarawak
81d053f6-421c-45b5-8505-ee2009239adc,adult,59,M,KL
551819b4-4acb-48f2-9a6d-e24182999ea1,adult,56,M,Penang
3b470573-50a6-402a-a3b8-f8ed4b2f34df,adult,54,M,Selangor
1ef1a1ac-23dd-45c7-8cf4-bd11c0a5bc26,adult,60,M,Johor
117d45ef-c421-4420-bd4c-97147a4d38e0,adult,57,F,Sarawak
4fefc172-28a7-403a-be3d-4df74d4f0ef8,adult,58,F,Sabah
f8d337f3-da3b-49fa-940f-a4b5e9e1245a,adult,52,F,Sarawak
750efa06-419d-4e7b-a627-e8f9e7d08985,adult,51,F,Sabah
dc8e83ce-afe5-4a99-978b-4a63225cbcf0,adult,56,F,Selangor
b8137d22-f0d7-4cf7-9f66-f1f46bac23ce,adult,55,M,Johor
10b9de5a-2f76-4a69-89eb-5f7440603b4c,adult,55,M,Penang
6cddfe35-43e8-4354-a91d-0b2b89a3206d,adult,51,F,Sabah
fcbb5c22-a6e4-461e-b600-4ba724d96bda,adult,60,F,Selangor
17a88526-dce3-40fe-9828-17e6c0cf4106,adult,56,F,KL
aeda8ff2-7490-40f2-8e73-64083c4b1929,adult,51,F,Selangor
98bea132-01a8-4385-ad94-8876b356ca8c,adult,60,M,Sarawak
9346d7d4-0331-4418-adee-80938f48f027,adult,54,M,Selangor
598a02e0-8b90-437f-a3b4-8f439314980a,adult,60,M,KL
327877e3-67f9-48cf-b96e-f84bbb19c7ab,adult,56,M,Selangor
7185386a-4068-48b5-9b5e-5f815d316002,adult,60,M,Sabah
47158274-bb78-48f7-af5d-40b3e72cc7f9,adult,60,M,Penang
ee701d66-3830-44c8-830a-a06a6464851e,adult,60,M,Penang
270b33f6-aea9-41f6-9b67-df69194ae830,adult,60,M,Sabah
78351466-5131-41a9-b986-de1a5b82f89d,adult,60,M,Selangor
08fd9588-bb39-444a-baa0-e32ac24a407e,adult,57,M,KL
3c962e37-8722-43d1-a967-19380f0a3b46,adult,50,F,KL
d5cc49e0-34c6-4097-9544-a93e25e55e5e,adult,59,F,Selangor
37e5c92f-7105-42f0-9e5b-62ec10b2534f,adult,52,F,Selangor
be53aaa8-2449-427b-9c48-903ead0d23d3,adult,52,F,Sabah
81ae9d51-ae6f-40d8-b901-378f998745d9,adult,60,M,Johor
2d8e4daa-d67a-455c-99a2-bffdc0ed40a9,adult,57,F,Sabah
3c3c2d05-b503-46c4-b00b-faddd55531c8,adult,53,M,Johor
a19b2d77-0ca1-400b-a700-8606d1b06f36,adult,56,M,Sabah
8982bacd-4691-4385-921b-13df3e2e54f7,adult,50,F,Johor
6d223e68-1879-47e1-b1cf-93a01f2c68f7,adult,60,M,Selangor
3aa5b673-1ba5-4d47-8ca4-743afeb97ed9,adult,57,F,Johor
53d2734e-4c09-4ae2-a7a7-270acd928aed,adult,54,M,Johor
f36c221c-6ee9-4022-b381-721177c33c52,adult,57,M,Selangor
33f8a764-79d3-4917-a4c6-207a5bfd8c6d,adult,60,M,Selangor
8d840f97-5ff9-4452-b727-48cf9d38b7cd,adult,52,F,Sabah
7e861a74-8020-4357-9fbf-34b0f6daf337,adult,60,F,Johor
4c26327b-55ca-4eba-9f3f-29dd7ce5c3b5,adult,59,F,Johor
87f3f21d-c70a-4e36-a2d2-79242fa34b1c,adult,58,F,Selangor
67309eb2-9842-406d-a61f-fc9b5b324cf6,adult,56,M,Johor
e547dce1-1a4c-4119-b27b-58a2706ad6fd,adult,60,M,Johor
5109c259-8954-47a1-90f4-d0b7155b31fb,adult,55,F,Johor
f841ab31-4ef4-4666-acb3-493d3eeb9f47,adult,55,M,Penang
18404bc0-db26-4fc5-ac4a-85ffa12aec4b,adult,56,F,Sarawak
a4e245bf-8fec-4d67-a894-6885cba8e3de,adult,54,F,KL
53ac82a1-725d-48e4-a6a3-cdf6b27d6e44,adult,60,F,Selangor
594f58d2-1332-4336-9bfd-951d1d14ce41,adult,57,M,Selangor
f5df6b42-112b-4045-8ab6-c1d00923e048,adult,60,M,Sarawak
9aa1f61b-4f41-49b4-aa35-29737e573373,adult,60,M,Sabah
4753c97e-9a92-43c8-b876-2a43228ee688,adult,50,F,Sarawak
92a62c80-7847-4b89-be74-f0d5745cc6d0,adult,51,F,Penang
ade2505f-238e-48f0-83b0-c28965d84e11,adult,60,F,Sarawak
b3d2869b-9210-4262-8a64-26dba58aa846,adult,50,F,Sabah
d6fc842d-1dbb-4f42-b87d-ab45ac5fe6b0,adult,54,F,Selangor
8e98af5a-90b8-4066-bad4-a2c53a5a7ca0,adult,56,M,KL
a8fefab1-688f-422c-ac5f-b6c4256f81e9,adult,60,F,KL
1388d138-1b0d-4907-adc2-575ce4533691,adult,51,F,Sabah
29fda117-eb73-47a6-a50b-d21a9f559282,adult,60,M,Penang
2b7a11ba-5ee4-44ab-a392-c3d6579d6ac9,adult,60,M,Johor
3cf2fcab-61fe-4f1b-bac0-18a70f3b6515,adult,54,M,Sabah
d2bd2965-68f4-46e0-9c48-c452140315a2,adult,60,F,Selangor
864f4855-d28c-4fe7-924e-1b9c7b94b3ab,adult,52,F,Sarawak
5872111e-18b3-4534-8540-61b7010c6e3d,adult,54,F,Penang
9e86fd5a-8fb8-4559-bab5-6f47b7ecbead,adult,55,M,KL
fdc4f092-c877-4404-8388-5877b6109314,adult,59,F,Selangor
6e444e54-7684-4592-95d5-7470c0b53e9e,adult,60,M,Selangor
9e34e6c2-5acb-4e66-a157-568545a7cd54,adult,60,M,Johor
97f9a297-f201-441d-809e-3e11349b0e83,adult,56,F,Penang
86b4bfdb-322b-49c9-9b51-e4e1ab7806c1,adult,52,F,Penang
73f005e0-43cc-4129-926b-c022430ea065,adult,58,M,Selangor
b65965a2-fcb8-459a-8948-679cd6e4e79e,adult,57,M,Sabah
d0e578a9-6e6a-4047-89e7-4cf410cf0dd3,adult,60,M,Penang
53217ca3-9bca-4967-9813-cef9501850cb,adult,57,F,Johor
f785c035-f345-421e-8ab9-3b69a976e41d,adult,59,F,Johor
b36dc3ad-22ee-45f5-923a-81075db15ade,adult,53,M,Sabah
99f7af4a-564d-4348-9875-deb695ab4e63,adult,51,F,Johor
aa21fd8e-8bf5-41c9-97da-14bcd9849a88,adult,51,F,Sarawak
96a5d9e6-b35a-49b1-9825-97d42b52020e,adult,60,F,Sabah
45670de3-c836-4e16-8e26-28c8ab41db28,adult,60,F,Selangor
cd718401-9748-4dc4-b184-e2395f5a9513,adult,53,F,Sabah
e9e136b5-218d-4d64-854f-5a93ffbf3487,adult,59,M,KL
4e405a03-4ea9-42f2-bc8a-1193eb398645,adult,59,M,KL
055938aa-20d3-43b1-8659-135c35e067f8,adult,54,F,Penang
11acf476-af4a-446f-9b74-6550cfb87d0c,adult,54,M,Johor
ded3cb23-3581-4526-9c2d-3b7bf09d06aa,adult,60,M,KL
c8af0583-6acf-478a-89cc-c4d4d1cadd83,adult,59,M,Sabah
7d768c9c-0a1d-4299-bef7-b669cb112b8c,adult,58,F,Selangor
8919da64-bdc6-413a-b355-4cf628a6813c,adult,56,M,Johor
eb05a6ce-de5e-4d18-876d-5c5e9e808ab6,adult,50,F,Selangor
026c49fd-c270-461a-9677-0cdc86dc649b,adult,55,F,Sabah
bade80b6-c41c-4ac6-a57e-302abaf7cedd,adult,56,F,Penang
ef8af73c-4a66-4fad-bd7a-090db8cc650a,adult,51,F,Selangor
5dc013e3-a842-4c5f-8cc0-88a11b5ecef5,adult,60,M,Sabah
d29703ec-a74c-431c-8aad-8a19004d0d81,adult,57,F,Selangor
3a1e85df-d4e0-491e-9fcc-bd46bb1b92a8,adult,60,M,KL
65085da4-f034-4053-9101-92c5049e31e0,adult,56,F,Sabah
0e1fd46d-a3ed-4880-8281-c7a74aa89600,adult,51,F,Penang
bf2a0583-cf3d-4563-a910-29c16cae96d4,adult,60,M,Penang
31bde396-a05a-416a-bed6-5491a275b80f,adult,54,M,Sabah
d80b9654-ff70-4bc4-8cb2-6349cad8bd76,adult,60,M,Sabah
3146339d-4d72-410c-9c63-49fb16025af1,adult,60,M,Penang
97013117-9c3a-4b3e-aa82-4293455007d6,adult,53,M,KL
4cf5b4b0-592c-433f-ba5c-6cccda70adb1,adult,60,M,Penang
dcda21ce-abf6-4471-afc2-26720d7967c3,adult,60,M,Sabah
e61fb956-a0af-4b57-8dbf-1a8d309feef5,adult,54,M,KL
7b0d3a73-96b6-4e6f-82e8-eea90b306ffd,adult,60,F,Johor
f64f0ba5-a00e-4054-9292-6639c44f042d,adult,59,F,Sarawak
f42c4d47-2ce1-46b2-b606-75c8329b7986,adult,59,F,Sarawak
6b3c182e-be73-44e3-b1e3-574ca4854182,adult,57,M,Johor
48857241-8bcb-4e4a-b9c1-95304f6c665c,adult,51,F,Johor
3710f683-db41-401f-8c09-7be49881207a,adult,60,F,Penang
0a9060c4-906c-4845-8d11-c75abf71b950,adult,58,M,Penang
34ba721b-003c-44ad-8726-acf10d5a95b4,adult,59,M,Penang
539288c1-70cd-48d6-85e3-61bf43988cd0,adult,57,F,Selangor
db74c9b1-1684-405f-8106-672e154d6fed,adult,50,F,Penang
74c386f1-0414-4030-bb51-7cd5e3524b96,adult,60,M,Sabah
7c748cc3-fb29-4b4d-be3f-6c831d43cf1e,adult,59,F,Johor
44d33113-3bb0-4cf6-b6f8-ec3e5ec1b229,adult,60,M,Johor
84c2e821-bcbf-4485-8ab5-dee557fb9842,adult,59,M,Penang
4d741991-c317-4a94-a271-02b65356ce95,adult,59,F,Sabah
a9f0d2c5-c9f3-48c0-a348-63df95b8e865,adult,60,M,Johor
9fa5283d-c350-403b-acc7-9ac3656fe5ac,adult,51,F,Sarawak
c8b30719-4966-4331-bf2b-cd0809855c6b,adult,60,M,Selangor
12ff98e4-da20-47d1-8a4f-a801e77b4c17,adult,53,F,Johor
e896b002-b775-490c-afc9-027e2b0e772f,adult,59,M,Penang
76495350-b3e0-47a6-95a4-25a8482dd867,adult,55,F,Johor
8dc39ed8-582f-4867-b0cc-4db6dd033b56,adult,56,F,Sarawak
9020660f-697a-4fd6-995f-b499c2b9e324,adult,55,M,Sarawak
23d95141-35f6-4ffb-bbdc-360b88ccadc0,adult,60,F,Selangor
f2f189ed-8717-4f07-af85-2f0669809576,adult,60,M,Sabah
5f06dca1-e3b0-49b2-9cac-3cd7b83f09a7,adult,60,F,Penang
dc771b96-2661-4959-bdce-fa3f936c4f11,adult,56,M,Penang
722c84fc-2321-4106-8183-48d1feacfde2,adult,57,M,Penang
8f9b5f68-3887-4cda-b661-8a8b75e8a82f,adult,54,F,KL
83b111b2-9fe9-47e0-95dc-7352fef98d9b,adult,60,M,Penang
b4ab447f-d48f-4408-8a09-1dea45606c10,adult,58,F,Sarawak
e8445270-7b7c-48df-b849-625304e91ce8,adult,59,M,Sarawak
ba189c0c-9572-4f4a-9fa2-5d2b5e3edc51,adult,60,M,Sarawak
bf95ae4b-e019-41d8-9844-4f6b28dd0e37,adult,60,F,Sabah
e4a78432-eff5-4b24-b0fc-92a9a373378a,adult,53,M,Penang
2c4c0b18-c191-42fa-9f26-161dcda483b9,adult,53,M,KL
72af94a8-bf88-4bbf-8fbe-d2c1a39c630f,adult,55,F,KL
6ee61f9b-b921-4336-85b9-abafd4157124,adult,56,M,KL
66f2c32d-c9d2-4d7a-b8e0-a92e7fcaf4fa,adult,51,F,Selangor
b911976b-8bfc-4961-adc9-e587c1c8704c,adult,55,M,Sarawak
5f3d5d66-f02d-4683-a4be-f75ab43a3687,adult,60,M,Sabah
6956e716-8ce0-4832-bb0e-9142628876de,adult,60,M,KL
b4015463-9c57-49e0-abed-437a1adb3731,adult,60,M,Sarawak
4bfe51d5-fcfb-4350-9f96-9dd93fb7eb67,adult,59,M,Johor
e3d66422-5c7d-4b0b-8183-cbbf0383bede,adult,55,M,Johor
49300b04-7e27-4057-9f84-2ca3d666e960,adult,59,F,Sarawak
1a3c2b09-00ab-4751-ae7f-3a3ee02d0c05,adult,56,M,Sabah
84315867-1505-4e7d-86c9-df23a0f97ff1,adult,53,F,Johor
943fe522-f030-4e59-92c2-afa115b015d5,adult,53,F,Sarawak
af53250c-45ba-45e1-8317-d41c81100be0,adult,59,F,Johor
e8c149a5-d060-4688-96a2-f5230055df25,adult,54,F,Sabah
a991a3bd-5ddf-4c1d-ad04-264ec491eed2,adult,58,F,KL
aefd712a-005c-4e72-8b69-bb02c370a554,adult,55,M,Penang
cd2c2dbd-4919-4973-8979-acc78caf3478,adult,50,F,Penang
bf72fa8d-e82e-42bd-9395-438ddf6260cd,adult,60,M,Sarawak
64abf07c-5cc6-435f-b3d6-73924564b66d,adult,60,M,Penang
fbf1a210-55b7-4b3a-a949-e74202ea06f9,adult,55,M,Penang
4794226f-cb0a-4789-8e0b-6f4d90c3738e,adult,58,M,Johor
a969bec6-9c74-4f90-8a1b-d87d8fc1a1e3,adult,56,M,Johor
c5ae8b46-7e12-4bff-bf44-7dae2f813795,adult,56,M,Johor
42a35824-0334-4277-a6d3-6bb8905fae1a,adult,50,F,Sabah
d02e8d23-0292-4c23-ad63-3b2c9959fc1e,adult,59,M,Johor
1c43f9a8-886d-4115-9fc7-ce1472a81daf,adult,51,F,KL
2f973c4c-c4f5-4ca4-acc3-a2d26ccedee8,adult,50,F,Selangor
d21f0b06-cd84-404b-a660-9bddbf32a016,adult,60,F,KL
7c695205-0ca2-4239-a011-a413e7268223,adult,60,M,Penang
620ab1fb-aa6a-4554-aba2-915b256444f0,adult,58,M,Sarawak
c089b331-d69b-4325-973c-5dd60cb67e2a,adult,57,F,Sabah
193f3398-0427-43b5-bb8b-8ad601204a75,adult,58,M,Selangor
46301471-9868-414d-8742-059e4d12a7a7,adult,60,M,KL
0e1b4f6f-ccf8-429a-bb0c-a8cae8f2ef78,adult,58,F,Selangor
0f9c41c6-5740-43b8-9315-de216de11649,adult,55,M,Penang
6f2c1c2f-6b3d-4979-a884-83ac545dfbfd,adult,60,M,KL
50ddca40-5fb4-461c-a935-4272772043c4,adult,56,F,Selangor
b41ae612-9c3e-45eb-be1a-5b91ea9d547a,adult,51,F,Sabah
329c4c5d-aa1a-4f90-963d-4b4648eb945b,adult,59,M,Sarawak
b66145a3-d9a1-4f21-abca-3b0f004bbd70,adult,56,M,Sarawak
b9725515-870b-47f8-87ec-b2c09fae7a10,adult,52,F,Johor
e1cd0dcb-944c-43b1-bb7d-2ecb52e8b759,adult,50,F,KL
557eeca6-b348-447f-a36a-ac6792b8567b,adult,59,F,KL
46a11c05-6002-46c5-a86b-65a70b6496e2,adult,58,M,Sabah
c5bd6e0a-f854-495d-879d-7f3e9996f38a,adult,60,M,Sabah
a83bbb5e-2a85-4e6d-bf82-879b9ed34e98,adult,60,M,Johor
359bd218-de35-4f10-80b8-cdcafcef96fa,adult,54,M,Sarawak
4f3795fa-03db-416b-92af-f1182a16c703,adult,56,F,Penang
7c72a996-b077-489e-b30a-3562307bb5af,adult,50,F,Selangor
5f550a4e-9e47-4348-a58b-0bca43831fec,adult,59,M,Sarawak
894da919-4b62-41aa-a534-184d0fcd0e64,adult,60,M,Sabah
9c7a514b-ca91-4fdf-ab52-a478ba6a7009,adult,56,M,Selangor
6d9f5216-ced2-4efe-a51e-187c729dc624,adult,55,F,Sarawak
62a889dd-9e61-4103-bf98-8fd1a911b4ab,adult,52,F,Sarawak
c6d5f000-977a-47be-b22c-f22aadb67988,adult,60,M,KL
ad02f4e3-9072-4a65-a9f7-0bd51667383d,adult,51,F,Selangor
7cbf6abc-0e71-47b0-a250-356e836aa51a,adult,55,M,Selangor
3311a959-14b2-4918-bfa5-0c8c3361171f,adult,58,M,Penang
01156405-320e-430e-925e-162e2edc1f86,adult,54,F,Sabah
bf038044-00b1-4d99-b554-ba2c77675a85,adult,57,F,Selangor
0475e5b4-e230-4881-851c-458c11f9c6d4,adult,60,M,Penang
5d558dfd-6514-4cd7-b1f6-81f1bbdc0f50,adult,60,M,Sarawak
8a1db9bf-9825-42c4-bde4-96d6e24910b6,adult,55,F,Selangor
ce67aea0-d1d8-4165-9c89-eced65428e6e,adult,55,F,Johor
ffa2771a-c9af-49f2-8cf7-a0d1747b00c2,adult,57,F,Penang
32f2ffb7-f657-43e5-bba8-601fc7e4fa3b,adult,52,F,Sarawak
1b576f6a-1292-4743-afdd-a14db8af026e,adult,57,F,Sabah
f9ad83b2-fdb8-401a-a7aa-a8d6f5cec86e,adult,57,M,Sarawak
c220d4eb-df6b-425f-837a-701a4b476cd4,adult,59,M,Johor
cc294296-560b-4341-a07c-089c1928eebe,adult,60,M,Sabah
89000b3c-f0ec-449a-b0ac-26ffad867396,adult,54,F,Selangor
032bdd56-683a-474f-a7b6-9c104650ec9d,adult,51,F,Sarawak
018cbaf1-1af4-4ad9-99f5-2aa07741a51a,adult,54,F,Johor
5551178e-0963-4d8e-9733-0c68dff17d89,adult,59,F,KL
809b1c7f-865b-4145-84b1-92517ec555ad,adult,57,F,Johor
8d670298-ae24-46a5-8463-dab6bc75233e,adult,50,F,Sabah
5b7433a2-52d7-4415-9cf0-746cce11084e,adult,56,F,Sarawak
1243f1a8-4b54-4304-b733-63f6f22ce13e,adult,56,M,Sarawak
dcc02911-88f6-44d9-9305-418a4f5dcf49,adult,60,F,Penang
103cf10b-0be9-41d1-81d8-3a591215820b,adult,60,M,Selangor
b9a2080d-fdbc-4e5a-bd05-a16ace645028,adult,52,F,Selangor
90344b33-e09f-4730-b189-25cbd8869ada,adult,60,M,KL
5c3870b7-5c2a-4a9c-a3da-0d1fb5e7381e,adult,60,F,Penang
29e5651c-1ad1-4f9d-b782-fe74ea5feb7b,adult,60,M,Sabah
46676906-ae8a-4f8f-b3e8-d4b3a808f69e,adult,52,F,Penang
2bd1a52a-bdd6-4faf-ad9d-5e9f59941a4c,adult,55,F,Selangor
1ff5652a-e730-4242-a021-b75b181cc7f3,adult,60,M,Sabah
85f7540f-51b8-41d9-9258-2e17f936e3aa,adult,55,F,Penang
087aa31c-80b2-4e85-a04a-9535145c6f5d,adult,60,F,KL
694f44dc-3951-4e0b-a954-981349c400bc,adult,59,M,Sarawak
e172d6b3-37c2-4fef-8d74-cacbafcca9c9,adult,52,F,Sabah
9354ad62-b3c4-4e0c-805d-5552c9a124f4,adult,60,M,Penang
31fe4aee-2b1c-402c-9002-d9fa51603e41,adult,54,F,KL
c82b7c12-c820-4147-965d-7657d97ca3d8,adult,59,F,Sarawak
76fb5be9-bc70-430e-adfe-b12a94bb7eb2,adult,58,M,Selangor
75ed53f6-0a7b-4779-b2d7-ccddbfd20790,adult,58,M,Johor
61eae409-ce91-4310-82f2-87bf6f285559,adult,52,F,Selangor
b3beee2f-b679-41ca-966b-8dcc47586524,adult,60,F,Sarawak
5ef3fcae-3efc-4c19-a973-ee8530727c3f,adult,60,M,Sabah
cbd524b9-7e3d-4402-a604-0d2e4bcbf92f,adult,58,F,Penang
1d52a21e-f71d-4dd1-abfa-ed3e403dec99,adult,60,M,Penang
580097d0-1b12-424d-b72c-d4d5e240e747,adult,54,M,Selangor
4bace407-5422-489c-af4c-736e53ab83c3,adult,57,M,KL
91120e03-9f09-4025-8ea4-d8cf2c85567c,adult,60,M,Penang
d1140d26-e61b-4798-b208-dd1e1d403af3,adult,58,F,Johor
3c12746d-53fe-46c8-8c21-c25709582ea1,adult,57,M,Sabah
5b21c5bb-3599-49ef-a03d-4b5d2adb3767,adult,60,M,Penang
9ebed0c5-91f0-43f1-b1ab-29bdec08badb,adult,56,F,Sabah
001d0b05-cca2-4a0b-a007-5664b8f67dc9,adult,56,F,Sabah
454ab384-7e0b-4358-b759-e43968eaf702,adult,60,M,Penang
42857922-5092-4b16-87db-ee26527432b8,adult,57,M,Johor
ddb67df4-2dc8-4a41-b403-2796d1d8a6a8,adult,57,F,KL
da16a78a-b807-465d-b28f-5dd3badb7070,adult,55,M,KL
c7401470-b04e-4490-bea4-0cc6d4454c71,adult,58,M,Selangor
cddde545-63b8-4ddd-a2d5-a563a921ca58,adult,56,M,Penang
6dc9c85c-21cc-439a-89f0-e6cb00f0bf73,adult,58,M,Penang
c8c4d99d-caaa-4a15-b712-bff2adbcb1ec,adult,53,F,Sabah
5ae1ad3c-e728-4f6c-934b-04d3d077befb,adult,59,M,Penang
b8eebfdb-2b6d-467e-82ee-8845d41a3e46,adult,53,F,KL
4bdd9635-5262-4a44-a542-4cc3a8e1b4ee,adult,60,F,Sabah
65439c1b-ad58-4d5d-9297-3589ef0388a3,adult,57,M,Sabah
9c7eaa41-c8dc-47a9-ab30-457a6c9ac11a,adult,60,M,Sabah
b1d63c92-d023-49cd-ae3a-079ec0475553,adult,55,M,KL
c773c1e2-bc71-4c2e-9b65-9925694896e2,adult,60,F,Sabah
09f08cb5-07c9-4c13-8d45-a63a246974f7,adult,60,M,Selangor
e258517b-66d9-4282-8e2b-95008c530e66,adult,50,F,Sarawak
d8e96972-ef15-4674-84e5-369b3ca81c4f,adult,53,F,Sabah
27b7f11c-8b12-4f29-8210-447c4848451e,adult,60,M,Johor
aeb0fa10-132a-4e18-ba6f-0f1e52d0e4ee,adult,60,F,Sarawak
568e45a0-244a-46a9-8754-2a27fcb222f0,adult,54,F,KL
8b908fac-410b-42cf-b15a-274dbb442e43,adult,60,F,Penang
74483998-3496-41b5-adbc-26207738c641,adult,56,M,Sarawak
f5717f2c-2d32-43c8-b9e6-41e23354a336,adult,54,M,Johor
adb22779-18cc-4177-90c2-cf59b98d430b,adult,56,F,Johor
c9065fe5-040d-4cc4-9aec-d3f51df1aed6,adult,53,F,Sabah
4775ac5f-705a-4f08-a5e0-aeb2524f86bb,adult,52,F,Sarawak
bd647221-4bdf-4280-92d3-f411d80726e8,adult,55,F,Johor
c4b92640-b531-44c7-b644-51751496d775,adult,52,F,Sabah
1e9f79d0-ba68-4dd9-9739-d87984082fd1,adult,60,M,Penang
71c99a42-d21e-4b3e-958f-ce9fb690cd5a,adult,53,F,Selangor
02790653-e2a2-4f6d-8c65-b3168e83259b,adult,54,F,KL
b29b8347-c78a-45e1-9347-502de1c4f38d,adult,59,M,Selangor
8630a780-1768-435c-ac97-48c008cb0fd2,adult,54,F,Sabah
50b70adc-2d62-4389-b9f1-3cbff32898c3,adult,54,M,KL
639fbeb7-6119-4d51-a36b-ae9fcfed37ee,adult,55,F,KL
afb7692f-ee1b-4a7e-8d66-10051caec33e,adult,52,F,Sabah
482301ef-7b86-4dd0-adbb-10ec37356ffb,adult,57,F,Penang
433d93fa-2722-4932-a9c0-9541875bc2f4,adult,60,M,Selangor
8e0adf0f-9eec-4765-8548-fe2faaff2990,adult,56,F,KL
3ddc5933-0fde-4d12-b881-5c4b73ae60c9,adult,53,F,Selangor
d29ca9ea-9c40-4070-a869-259fc2420d10,adult,50,F,Johor
f4b6cfca-b6e9-40d5-9efd-6439ac65f49b,adult,59,F,Penang
8adaa1c1-14b2-4577-b0fa-01fe44e3a769,adult,60,M,Selangor
dc856d9b-c710-4057-a2a3-597cb2015a4b,adult,54,M,Penang
9b166fd3-1144-4034-9422-1e4d16a2f9de,adult,55,F,Penang
446ec3b1-597a-4b4d-93c3-834f11e58a04,adult,50,F,Selangor
e243ff52-a2e7-4b88-88b5-e79256e602ad,adult,59,M,Penang
130d6d85-225c-486e-8c43-eb5574e21a6c,adult,58,F,Selangor
5d55be7e-854c-4d53-afaa-293a137149b9,adult,56,F,Sabah
c0bf89a7-0452-4a36-b946-6781a6f5a993,adult,56,M,KL
8a7764f9-cc6d-47ce-ad67-e21c107a7594,adult,51,F,Penang
16ef2b05-85a4-4886-a5f9-374f2407e9e8,adult,55,F,KL
f8a47ac3-521e-4a84-b5bf-a8b323ae2a90,adult,53,F,Sabah
bcfeaa38-c4b8-453a-826d-2da7513c802c,adult,55,M,Selangor
6a96705d-7d2b-4b6d-a0c4-80a21d543fc0,adult,52,F,Johor
66c1f4cd-9dd0-430f-bf5e-40ec372ccc13,adult,58,F,KL
f29e9560-9ddf-417f-bdf1-735dc0f0e8fe,adult,60,M,Penang
4e975d7d-9d9d-482c-a660-1121b485dba5,adult,59,F,KL
52946727-0d67-457c-bc3b-aeac59b5614f,adult,56,F,Sabah
6fd17a47-d6d6-4e5d-a77f-c17e4ded2cbd,adult,55,F,Sarawak
f31a2490-43ba-4113-8180-b81b1b5f8807,adult,59,F,Johor
2c7fcbc3-a187-4da3-982c-dec5ca03c79e,adult,50,F,Penang
04d4aee7-4eb0-486a-9702-7ad3cc89d0d8,adult,60,M,Johor
b760b545-29b7-4d3c-aeeb-d1a82280f7cc,adult,59,F,Sarawak
672dbb98-082f-44fd-97b6-df1ab442f009,adult,59,M,Sabah
dc978643-8721-4f11-a00d-3e60b84b901c,adult,57,F,Sarawak
b38081d0-dd54-47aa-bfb7-0ed8354dbffe,adult,59,M,Sarawak
3e0b9d29-e1fe-4455-8ce3-48c9de7fb51d,adult,50,F,KL
5f313f28-7f1a-4c91-ac7d-9d3fe0b1341d,adult,58,F,KL
8a823081-ce11-4f48-a474-443b80a6686a,adult,60,M,Selangor
98784738-d5aa-4fb3-939e-8de41c945aba,adult,53,M,KL
506894f4-da11-425c-b1ff-a7a54e4c90e1,adult,50,F,Penang
11d6bd64-e92f-4f12-840d-70d90c51f2af,adult,60,M,Johor
fdd8cc1e-cc61-48f9-a823-efc169d2a16b,adult,53,F,Sabah
7b6c8f76-2142-43fc-bf2b-9ae4caa01fb8,adult,59,F,Sarawak
c57e9bd7-f076-4f12-9cf3-ddafd8ccf553,adult,60,M,Sabah
d0d7d8c2-e21d-4764-a502-b3b789a147fd,adult,53,F,Sarawak
ba582250-4356-4a97-9ffb-573318fb9321,adult,57,F,Penang
86faeab1-3b5f-404b-b474-db19cfa7a175,adult,52,F,Sabah
7dd8c149-b02c-43ea-90e3-3088c2dd61cd,adult,55,F,Sarawak
e0764b61-397b-4c0c-81bb-3bf4f9fd5e75,adult,60,F,Sabah
f8c6d0f7-04a6-4d4a-9708-3047a04d6306,adult,55,M,KL
ca394da9-2d9d-4100-ad0d-220be0d0a5ac,adult,54,F,KL
47150681-45da-471b-a677-8f80e1842715,adult,54,F,Sarawak
e74c1217-88e9-4012-9d14-7a65143598fc,adult,53,F,Penang
77f7a3a4-dc27-4bad-afdf-d0def0409d7e,adult,57,F,Sabah
99291841-3bf5-432e-bd1c-fe3fe9941a8e,adult,54,F,Selangor
cc595a1d-b911-4334-bda8-220dabda8772,adult,59,F,Johor
6bbf1827-9222-43b5-a6cb-3fbdde94cd28,adult,60,M,Penang
5a0946ac-df65-4279-9f18-955f667304d1,adult,50,F,Sarawak
8ffaeda4-7e4a-4d2e-8c1f-46a0c8a4bba9,adult,51,F,Johor
af115205-22f8-4ceb-99ee-e8f8689a019f,adult,60,F,Sarawak
d8e78cb4-d50f-44df-8d68-b977b5659edd,adult,55,M,KL
7a84fde0-c533-4a05-bda4-e67b2b263c0a,adult,58,F,Sabah
89d50b71-79bf-4e4f-8325-bf4d2f88a47c,adult,58,M,Selangor
233ed858-e50e-4aa4-ba9a-46e978a0f07a,adult,60,M,KL
72679a5c-a3cd-464a-9749-d62b5e7a4059,adult,57,M,Sarawak
8adf5fac-0651-4be1-b955-9da9fbdd246e,adult,60,M,Selangor
3b238224-2f03-4602-be38-663498d06cec,adult,56,F,Sarawak
54ec694c-54ae-4325-87b1-9b87791f6561,adult,57,M,Sarawak
8cafa6bd-2765-4d03-90b1-05f57fdc9684,adult,59,M,Sabah
73dc781d-d098-4f47-84a2-8bb381585c76,adult,52,F,Sarawak
4afd09a9-3003-402c-a38f-62615649d583,adult,57,F,Sarawak
bba15590-7c99-4a5c-8618-09725601fc8a,adult,53,F,Penang
71227557-c5db-48a8-958c-58712134baad,adult,60,M,Selangor
2f6cba46-768a-49ca-abb0-fb8527c79115,adult,59,M,Sabah
4784e5ab-144c-469e-a09a-ca14f7d55a23,adult,59,M,Johor
08363349-bc47-4f0f-be79-a768c77c1862,adult,52,M,Johor
07c369a8-03db-4372-a42f-ab45ef7d519c,adult,57,M,Sarawak
bba6d982-bb2e-4cd3-9ce0-f8dc219de9a2,adult,54,M,Selangor
6aa36445-b9a8-4402-9e3f-0d3eea1fba9f,adult,54,M,Penang
53a08c4a-1471-4aa1-b7dc-9e428a56bc85,adult,54,F,Sarawak
f826c6f5-0036-4cb2-a3df-eea48a95e65f,adult,58,F,KL
be1681ad-a670-498d-bc65-ddad4f475b8d,adult,58,F,Penang
120f15a5-0856-4004-a8b2-b5d8b2efae1c,adult,53,M,Penang
77e3b824-64cf-498c-905e-ea02aa4e6546,adult,52,F,Sarawak
65258ddf-6db4-440d-a33f-5db01d6bae87,adult,54,M,Selangor
3063765b-3a77-4834-a4c4-7c39b3a150b6,adult,55,F,Sabah
97762f51-8a74-4163-8d40-476b986e7ff9,adult,60,M,KL
329fd0c8-59a0-40dd-9dca-41997fd5cb2d,adult,59,F,Johor
36041942-f1a3-4beb-9877-d0dab593dfad,adult,58,F,Selangor
66b53c8b-f2c4-4185-a046-4eb092bda4f2,adult,56,M,KL
38b0dc47-2f47-4b64-b6b8-ac8cddcff1b8,adult,52,F,Penang
e1ee85cb-a5a7-4da8-95af-ae4dd6d06980,adult,53,M,Penang
91ce8252-9e89-489d-b18e-294c3a7a882f,adult,56,M,Johor
2f93e350-6837-4d1e-9fc2-882528b7f3ae,adult,54,F,Penang
afbb1955-dff6-4174-8188-2d3e48cb86b3,adult,59,M,Penang
daabffbb-11cb-41bd-9b52-7bf81471a2b7,adult,60,F,Sarawak
9fc066c5-2164-4fd4-9898-2d9af2170f5c,adult,53,M,Sarawak
23d92eac-ceeb-48b3-8c73-55d920201320,adult,51,F,Penang
1cad41ae-4ba2-45a6-a328-ac967866f649,adult,52,F,Sarawak
8a72859b-5ae9-476a-b0c5-38439d2ae096,adult,58,F,Sarawak
13f9a06f-98c8-425b-93a6-a8bd3eb80b97,adult,51,F,Penang
86420ebb-2019-4e12-8671-df0a142da564,adult,59,M,KL
c97ae7e9-6bda-4954-aabb-f257669e714a,adult,52,F,KL
60cff6e9-5e07-42dc-9dd8-696c6c91dd7b,adult,57,F,Johor
34e0769f-6e31-4128-8f1f-18f7afb1735f,adult,58,F,Sabah
c5c89acb-6945-4ccc-8c5d-a2b32b1647c7,adult,60,M,KL
503d9688-9d58-4ad1-b334-f28f503c4b97,adult,60,M,Sabah
ae8af369-510d-4836-b952-2d4b37119141,adult,57,F,Selangor
ccd782d9-8675-46f1-b55d-09f0dea186f4,adult,59,M,Selangor
79fd6f5b-0234-4c54-9073-df567cb86c62,adult,58,M,Sabah
89f1bc00-cc4c-4223-a6dd-979a2deab0f3,adult,58,M,KL
9759b0ae-3f1f-44b4-9f7c-6218a5fdae28,adult,55,F,Selangor
805c37ac-08be-486a-9002-28aa87b9588f,adult,60,M,Sarawak
8592d363-99db-4952-ba98-584e4cf786e5,adult,59,F,Selangor
93a9ac9e-a517-483e-aeab-ef417ff8389a,adult,58,F,Selangor
ca519a55-08bd-47ae-a982-34d5cd704afa,adult,57,M,Sabah
52eacdcc-a118-4e57-b296-e4e8f6e665af,adult,56,F,Sabah
b9ed6984-5fd4-4cd8-9401-eb86ac9f285e,adult,50,F,Sarawak
0e3315c2-efb2-4e20-848a-2ec54bf522c0,adult,54,M,Johor
40fc6133-d5b8-4e5b-b51c-599397906117,adult,54,M,Sarawak
9b9e09b8-ed39-4994-a3ab-a933f9380503,adult,53,M,Selangor
55bc807b-1091-49e2-b596-f9d4a64b8243,adult,56,F,Sarawak
95538c43-94c7-4158-8675-b46a95248ecf,adult,51,M,Selangor
ca561609-ff09-4ddc-8588-ee0c65f6c30c,adult,57,M,Penang
de87d685-d256-4981-a16f-37df3b8fccfa,adult,56,M,KL
500668aa-7f62-428e-b74a-89f6cbb4bb2a,adult,60,F,Penang
8c7d07c1-7907-48d7-9a94-c547b69a246d,adult,56,F,Johor
0b6eed68-1448-4f92-881d-75399cbd5b90,adult,56,M,Sarawak
0f75bd41-dc29-4dab-a42d-f866ab5f1b7b,adult,60,M,Sarawak
41be91e9-07f4-420a-bb92-6937d43121b9,adult,55,M,KL
89af2320-f217-40c5-aa78-710b38073e87,adult,58,F,Sabah
02337e97-b4a1-4f3f-a100-74d25babc4c0,adult,52,M,Selangor
45a0d5cf-ee86-43df-84bc-38f5b5dccf3f,adult,50,F,Johor
b0d0adc5-092e-41e2-83bd-32e6aeda64d0,adult,60,F,Sabah
4b3079c9-d742-4e74-84e1-2c99efbeb4cc,adult,56,M,KL
36cdfe2d-1cba-429d-8793-71f2a716cfb6,adult,57,F,KL
1bc703cf-c67a-4fc3-a314-37e6fac3563c,adult,54,M,Sarawak
b899fb0b-3d21-4178-ac7f-e660e10737ad,adult,51,M,Sarawak
4e35f86b-4f21-493d-86e8-a09d84aceb8b,adult,56,M,KL
b5509430-ea58-476f-aa41-511789c77a1c,adult,53,M,Selangor
a5c31f96-f4de-4825-bd00-7cdff653488e,adult,59,M,Johor
8be89d3a-1c48-4119-be52-0633f0149657,adult,59,M,KL
04c42a5d-ff0f-49c1-b17f-d4e041815d19,adult,50,F,Johor
4eacaedb-eede-4cb8-86d7-0c875fffbddb,adult,53,M,Selangor
377b963d-edcf-426c-ab5c-3ddee9cf2274,adult,52,F,KL
cad2eb78-1484-4a71-b454-755ccc7ede8d,adult,59,F,Sabah
e8b2fe4c-7317-433a-a028-cbcb293df400,adult,59,F,KL
4f6ae22a-d6b4-4090-8097-355d571dd056,adult,54,M,Sarawak
87615122-4595-4ded-931e-3f5ccbd25dc8,adult,58,M,Johor
f634a3ab-e226-4e31-bf99-eba57e6771a2,adult,54,F,Selangor
be61b285-799d-466a-b729-9dc178bb58aa,adult,58,M,Sarawak
522a1dc8-822e-4b04-9e0f-ee0e43a92f39,adult,60,F,Sabah
dd9a3bcf-132c-4fba-a9ad-fb621006e1ab,adult,57,M,Penang
da43011c-9b29-4eae-9804-282ccd11e591,adult,60,F,Sabah
6630372f-d8f7-441a-a680-7afbffd4856b,adult,55,F,Johor
e099f9e9-2cfb-4b26-ab5d-62acf9460c4a,adult,52,F,Johor
cd657d0f-a69e-410c-9980-a481bb06656e,adult,52,F,KL
a1032a87-5a12-4f83-bc96-5c7efcf8d5ab,adult,53,F,Sarawak
a116adee-f8e3-4cbb-8392-84349b3b32e3,adult,52,F,Selangor
48035b3f-5764-4c52-be34-5f5c0e159ea4,adult,58,F,Johor
0e989d25-0f73-409f-8579-e8614bc26205,adult,58,M,Johor
5f4d40f8-9af5-40f3-b5b8-cfd1aa850304,adult,53,F,KL
f5304392-9267-467d-9242-5d3e806c792c,adult,55,M,Johor
650787e0-9f9b-437b-9bc3-857ac1b27921,adult,55,M,Sabah
9371ed0f-0555-4e71-afc6-b6cd8731719b,adult,53,M,Penang
d8fa47e7-4f39-41ad-8065-a4bbdc146b80,adult,56,M,Selangor
5d01d897-456c-4bff-b839-c291dee52a13,adult,53,M,Johor
71eaec3d-e415-4215-835a-32bf35451894,adult,53,F,Penang
9316818a-24bd-476e-9c96-8fd13f9a9067,adult,50,M,KL
fabfa423-7f1a-4ab8-8673-138310572683,adult,51,F,KL
24842fb9-b094-425e-b8ce-18aaae508830,adult,59,M,Johor
5f201307-d947-4c63-8591-834a117d8598,adult,53,F,Penang
38565225-2cbd-42cf-9484-94a66e48e64e,adult,56,F,Sabah
f87ef078-c3e5-4102-9be4-a34b9f7f55e9,adult,60,F,Penang
5bedee71-030c-4d0d-a8a1-11d6f20c4c18,adult,54,F,Sabah
d85410f3-bf99-4eb0-b1f8-9bd0501e17fa,adult,57,F,Selangor
80b889f8-0023-4ffe-8f83-b71ef748a765,adult,57,F,KL
5c4a949b-9fe3-46d1-bd20-edd02f58f781,adult,55,F,Johor
37af2cf2-d3e7-4c85-bab3-093910428d3a,adult,50,M,Sarawak
f7c42870-a30f-42f3-b73d-9fb2349cb080,adult,52,M,Penang
c6b12e93-df4a-49f1-8134-63ebb0a16ba6,adult,58,F,Penang
dc58292c-c292-4e28-ab5d-2ec5a731259b,adult,52,M,Penang
228db1ce-dad3-4c7d-ba04-16d1fb4af73f,adult,53,F,Sabah
1ae8b319-90fb-4047-8b5c-baf1497fecc3,adult,53,F,Sabah
6c02051c-c8a0-4d88-af03-8d440c390444,adult,60,F,Penang
920582a8-80ca-4e60-a8b0-88355adaf38f,adult,57,F,Johor
673eada5-f0e6-4404-a279-9886d364ed31,adult,52,F,KL
dd8a55b0-21bc-4044-ac13-63a1e7c20032,adult,52,F,KL
2e3a2896-6333-46a9-a074-2e93b70d8357,adult,58,M,Sabah
4b262fe6-4ebd-42c6-924f-8d7092032d7b,adult,50,M,Sarawak
7fc6651a-9cfb-4355-9f07-056971628cf9,adult,50,M,Johor
ae4d708b-eab3-4995-bcde-4458f44a6273,adult,52,M,Selangor
5f85cd7b-c866-4e7f-98bd-fdcb4f0a858c,adult,52,M,KL
f7cafa4d-5fb0-4bda-8862-ac42409946c1,adult,58,F,Penang
e9075d39-2f26-45af-8e64-13e877d571fe,adult,50,F,Sarawak
1a81d18a-eb92-4668-879c-a4c2418f7953,adult,57,M,Selangor
3e303989-36a9-4565-970f-4ba309a22e80,adult,58,F,Selangor
8b417ab9-881d-4992-b980-35c515247ff4,adult,50,F,Sabah
a6c43ad3-c96a-4d20-a93c-1a6eb4d827db,adult,54,M,Sabah
c2411da0-abf5-4a8c-9d1b-a1ecace76bff,adult,60,F,KL
a4d81815-ace3-400a-a12c-d515b1f17f9c,adult,51,M,Sabah
d4c53537-6d6d-4029-b44d-4fa8c04f177c,adult,52,M,KL
9c87ff5d-bba1-4f38-823f-58768185887f,adult,59,F,Penang
04c58635-7336-495d-9f8c-3d71bcbcc7d0,adult,54,F,Selangor
b9b326b9-3db3-4703-bc0b-0b0f459ba4a1,adult,55,F,Johor
46b2fac1-761f-4538-8603-189fd052ca72,adult,59,M,Sarawak
53735355-e2ee-41a8-a0ea-435682fe519b,adult,53,F,Sarawak
d4df0200-d346-4af9-93c3-74400b7907e5,adult,51,M,Selangor
3c553aa9-12ef-45f2-8d62-a324e717ad10,adult,56,F,Johor
9f179e09-aba1-4a0d-bc02-ad841bf28cea,adult,58,F,Selangor
5b4c2590-9d88-4f8d-aa1e-3bc4d95ec7a4,adult,60,M,Sarawak
04325f5f-078c-45bf-9f31-8accc0b4af69,adult,52,M,Johor
c49af052-263b-42bb-8311-60325ed5c7f9,adult,56,F,Sabah
9a71db97-e7ca-4b55-8efe-1e9a1b90176b,adult,51,M,KL
e7c72aa0-c7c7-4f79-9817-870625001fc3,adult,53,F,Penang
abbeea5b-a5b5-4116-b2a9-9c37216fe3e6,adult,50,M,Sarawak
848f02cb-6c6b-4d3e-aade-cc18ae8b5f77,adult,54,M,KL
0b6eb752-3ff7-4638-a3fb-1fb92c2f7556,adult,55,M,KL
1336d416-f73c-4f1e-bc2a-969110f1c9a3,adult,59,M,Sarawak
ff02b143-def7-4e85-8c50-9cd294f8903c,adult,56,M,Penang
53953b4a-db30-4b9f-a539-c41d98463ace,adult,52,M,Sabah
2719411d-03da-4530-a75f-3b63634ee9a8,adult,56,F,Johor
0f2a621b-ebb8-4ecc-b049-3536e354643e,adult,52,M,Sabah
e7ce1493-ca74-4d5f-8581-53cf75552f86,adult,55,M,Selangor
564761a6-4c6d-4a39-8d2c-7cf1ddb96593,adult,56,M,Selangor
d10a5e55-1a9b-4141-a0d5-bf16b0eebde9,adult,55,F,Penang
b683f2e9-8858-499b-9110-1220cab4b5e2,adult,50,F,Johor
7493a490-69aa-40ab-ad13-7a0e3ee9c65e,adult,57,M,Penang
9c9013bc-0dba-456f-a4e1-4b594cb98e53,adult,58,F,Johor
ab95dbfe-e1ad-403b-b688-a6d1e6c38a5c,adult,52,F,Selangor
1bf416c3-e0e8-47fd-89bc-ec6e512e0056,adult,59,F,KL
f7f3605c-6c34-4d7f-97bb-a5b7908e209f,adult,51,M,Penang
c35349bc-cfb2-428d-a43a-0e12be30617c,adult,52,F,Sarawak
cf91e494-d299-424c-b8da-e2693aa3df26,adult,60,M,Sarawak
8f26ff7a-0840-4c89-9446-e87c0ca799bd,adult,56,F,Penang
4cc58848-df6d-4b4f-b86a-9437cc16a76f,adult,51,M,Selangor
0807c813-4ceb-428d-a09e-e026d4ec9563,adult,54,F,Penang
d08ba1df-4889-4825-a1c6-8035b5c47ee3,adult,54,M,KL
4e379491-c447-4ab1-8cd2-c2ea43f64b92,adult,51,M,Johor
3e8d9477-0b7b-47c8-b585-71b520ef8449,adult,57,F,Selangor
3909dec0-6b53-4bd5-8470-e8229cb27879,adult,50,M,Penang
03a63762-0e27-4bcc-894e-0c51d41832ae,adult,58,M,Sabah
8c4d9082-8f8d-408c-87b4-649227cd8f16,adult,59,F,Johor
ffe08a4f-d7a9-4a83-a076-85ba521c72b0,adult,50,F,Johor
2f716399-97b2-43f3-9e52-4d64fa31c680,adult,56,M,Sarawak
12f385c4-bdbd-4e4f-a9d3-a4ac09691509,adult,58,M,Sabah
9356dd39-67ba-4c1d-b508-a8724dbf324d,adult,58,M,Sarawak
00fcad2e-f41b-40c8-a14c-072898d7da22,adult,56,M,KL
a3b858e1-c242-4aba-b728-e9cbfb5787cb,adult,54,F,Penang
f20eb9b2-1344-40eb-9459-f2b7001810d7,adult,57,M,Selangor
e2599824-7257-4cd5-8f7a-2184af5a3692,adult,52,F,Penang
139faf64-3575-4c8f-8fb6-c9fbaaacaa83,adult,56,F,Johor
07e6dbc4-76a2-47fc-9f5a-6fe4d4ecdce4,adult,51,F,Penang
99b050c0-4365-43b1-928a-6f014f012bf2,adult,53,F,Sabah
6f104ba6-5d0f-496c-bf24-59380a5f39c9,adult,59,M,Johor
1ebf250e-1393-41ee-9f5b-9c8ef58f01ed,adult,51,M,Penang
53429530-8ab3-47f2-b206-2abce2d459fc,adult,50,F,Penang
c9b3d6ff-b201-46ba-8471-e9e2dff68e21,adult,59,F,Penang
83ddb7db-18b4-4899-be21-defa962dbcd5,adult,57,F,Johor
4ee3efda-4bbd-48b0-8f40-13ac4daae2a7,adult,60,M,Penang
8e7f4013-90ca-4179-947b-b44ded00ccb2,adult,55,M,Johor
9884ca53-d703-4ea2-9996-b872bec426d8,adult,55,M,Johor
ee8dc80c-7440-4355-93d1-8f9438ace9ff,adult,55,F,Sarawak
93315fde-6b4a-490c-9c38-a0b53cd574c4,adult,60,F,Sabah
b73348a1-f6d8-40d2-9a94-ac287599dce0,adult,53,F,Johor
07dbd7cc-2f4c-4df6-92c4-1c6a948ab04b,adult,54,F,Penang
96bd774a-2df8-4d6e-a0d0-9c041b4910f6,adult,51,M,Sabah
eab8956d-9a6e-416e-8755-8b77fa31fd47,adult,58,M,Sarawak
21202dac-db13-457b-ae5f-c7138c27eab6,adult,58,M,Sarawak
d842e7f1-3696-4ea4-a993-d3a76e7f1f52,adult,57,M,Johor
5fa593d3-9375-4f33-b259-cfeb0411b98f,adult,54,M,Johor
b28b3f96-d903-47f8-b487-6460487b81b4,adult,60,F,KL
4e8cb3e7-52de-4557-b34b-bc6f255a87a9,adult,60,F,KL
c9d12b0f-19ab-474a-a217-dad26a39587c,adult,54,M,Sarawak
bd6953e4-9fc6-4bb8-8b1b-7887b8ebed20,adult,56,F,Selangor
fe95d7a4-6afb-4e5b-906b-43f60d16f1ad,adult,57,F,Sabah
fb3bc08a-760c-4750-914c-c59b6c389f4d,adult,56,F,Sabah
d37d013f-2c2a-4c9e-be13-e01adc606c9a,adult,50,F,Sarawak
858da418-183d-417a-b738-9e9b72f921ef,adult,58,M,Selangor
21cbc371-cf4d-49b7-99b5-5d2ab23327a7,adult,53,F,KL
dd465dec-9674-4c3a-be28-bdf3c38f9d77,adult,60,M,Sabah
2148693b-26b2-4982-b5c2-d68580a5de68,adult,60,F,Penang
e40cbf7a-11ec-4718-ae35-ce70704a9c39,adult,56,M,Selangor
8d3fcd87-a376-4e93-a6dc-785ed972925a,adult,51,F,KL
32a278bf-b230-4e35-b5a4-03366e50583f,adult,58,M,Johor
dc2f0ca2-625d-4df0-bb7c-86dbc1396a0b,adult,55,F,Johor
73358282-99c8-42aa-b1ff-4fb305674cdb,adult,60,M,Penang
dae18086-b0ef-49b1-9993-2c4677f2a070,adult,50,F,Selangor
88e60f91-4aa1-4135-9761-99526d694422,adult,54,F,Selangor
537d5a4e-afa3-495b-a3a7-31426bfb0d69,adult,51,M,Penang
0cef73c1-cb8b-4736-9f83-a9161f5f251a,adult,54,F,Johor
da8edfa8-88dd-4bce-8cea-8bb76350039a,adult,53,F,Penang
d98759e3-770d-43de-b4c7-0f72fccb6dce,adult,57,M,Johor
a2b327aa-be5c-4b96-978a-6698bcba221d,adult,57,F,Selangor
830462d6-3468-4503-a874-81b9d60f3f8b,adult,54,M,Sarawak
cca78f8c-c893-4b47-aedb-6dd1680525fd,adult,51,M,Penang
36d0b6c8-4f8d-421c-aaea-1946ec625477,adult,60,M,Sarawak
50125499-0be8-4fdf-886a-5d36cb27d589,adult,52,M,Sabah
cbbcfde2-2df9-4dc9-8a9b-004e8c24f9bc,adult,52,M,Penang
7baa346f-59c0-4435-b7a7-fa990784ce8d,adult,58,F,Johor
3102327d-b660-434e-adab-2a79ef7d8bf6,adult,53,F,Sarawak
c6fa1c17-0fd0-4dd1-8459-e78889d005dd,adult,52,M,Sarawak
772899ec-d9c8-45d2-8da0-64c82aacbbc3,adult,60,F,Johor
6f37b938-76b9-4a3b-94fc-02a55eb53ecf,adult,50,M,Johor
13c87ee3-4ac5-4e33-9fbd-2136c7c0fbad,adult,59,F,Johor
4ed708fc-5821-409f-b891-05690b0d07d9,adult,50,M,KL
8922361e-f53c-4b59-b7e8-327446573426,adult,54,M,Sabah
a40985d0-c7da-4ced-be63-6544b90bdc3a,adult,51,M,Penang
70ee2c76-ff32-445e-b223-1378caecb7ff,adult,55,M,Johor
72a6f856-3997-4fc4-9f4f-afd2c95f5b5c,adult,51,F,Sarawak
44f9c3bb-0e10-44e2-9381-5cd655c2f39b,adult,57,F,Sabah
7b171e9c-5ebb-47ad-9017-cb788db3ad7d,adult,56,F,Sabah
0b1d8f1f-1c75-4d58-b2c0-32ad169f1ca5,adult,51,F,Penang
6dc41c2c-f969-45e6-a56a-fb48ad80f045,child,22,F,Selangor
d8357b20-3b62-431a-983c-1c931193dfc3,child,22,F,Johor
2213cee4-6bfe-4cde-81db-0aaa04ce64a5,child,27,F,Sarawak
2c2f1662-7594-430a-878a-9e8ce156d139,child,25,M,KL
82e230d5-57e8-4e8c-8e2b-f424fe3e099d,child,19,F,Sarawak
89684122-a1cf-4e15-af4b-1611e822816e,child,23,M,Selangor
89c8b419-f03f-406d-986f-1f3581ebdbbc,child,18,M,Johor
1b72ab74-d9dd-41fe-89b4-f5f549efdc5b,child,34,F,KL
27d60f16-a50d-4404-9c89-d58e04b91c78,child,21,M,Penang
b511e444-0ecb-4927-b7c1-d9e4c8693564,child,26,M,Penang
3a7c9684-714a-4173-9492-0c37cd08bc04,child,20,F,Johor
5f53b18c-fdee-4b6f-b114-43fd0b79ece7,child,23,F,KL
40082251-4f5d-4e92-a7ca-80b51e15a683,child,21,M,Sarawak
afab2326-d9be-486c-a068-d3d692d82162,child,18,M,Selangor
b089f8f7-093f-4392-954a-89d6d5f2b3e3,child,23,M,Sabah
a810b437-8429-4452-9e5e-af9fae194924,child,25,F,KL
ba0de5ef-dae4-4f03-a782-51e83431f3ac,child,26,M,Sabah
8c414114-3302-4992-9521-94aab0d958c7,child,23,M,Sabah
5106bd98-9b50-4738-9fdc-27e409d4c0d1,child,20,F,Penang
761d1b28-dbda-4f45-b836-9bd416436924,child,27,F,Selangor
09a701ae-11da-42c1-bd07-2b7dbc9fe684,child,29,M,Penang
c31a0c31-01d4-4463-89e0-b36da44c2231,child,25,F,Penang
87917a02-c7f6-4f69-bf5d-574bb49d3448,child,24,M,KL
25fb67f7-4fc4-41d0-8f0b-00b55d27b01d,child,18,M,Sabah
6e99154f-bbf2-49d1-8017-f8ea7903c58b,child,28,M,Sarawak
9671b57c-08e6-403e-9ff7-c4f3d162b15c,child,34,M,Johor
0d301496-10eb-4828-9969-417ae03b318b,child,26,M,Selangor
dbd00095-c344-4711-9692-fe35cf94858e,child,31,F,Johor
a12a92fe-f97a-4f1e-a25d-b3da92efe817,child,20,M,Sabah
b271e3ce-b33d-4b1a-addb-cba516a47105,child,20,M,Johor
3a89d6a5-f73f-471a-bfb8-6ae141569c9c,child,22,M,Penang
8f610937-ad4f-4434-b62f-39eb65878a89,child,28,F,Johor
22936823-026a-4a9d-9d5f-aa5888ea0e5c,child,24,M,Sabah
92660519-d3a7-40cd-accf-bafe00a2b63b,child,23,F,Johor
4811a735-40dd-49e9-bc33-71096916f96f,child,29,M,Johor
5f1ba8b1-27a6-4ada-9aea-04a54d071136,child,21,M,KL
3242e728-f37e-4ac4-b19e-2c73273bf1bf,child,27,M,KL
f52c3a4d-872a-463c-aae0-d9a142e9e9d0,child,28,M,Selangor
0465f705-4db8-4bd4-8dfd-a17e2fe3f3a7,child,30,M,Sarawak
729e148c-95bb-4340-b9a0-9b862f557567,child,18,F,Johor
d401b5a3-e647-4219-8531-8ad9b23a0e25,child,21,M,Selangor
d9b5973d-847b-4820-acd9-e061a0860faa,child,22,M,Johor
ab7bb3bf-ff90-43e6-8b00-6ba014642cb8,child,26,M,Selangor
90978077-7909-451e-bd06-7bd59012d2eb,child,32,M,Selangor
9b38a763-5fce-4966-95e7-84f470221ea5,child,21,M,Johor
5fd3e9d5-f6f3-4fcf-bdff-b089a4a9cb70,child,30,F,Selangor
19cce576-1b00-4cfa-8a1c-26e10f7e0772,child,29,M,KL
37490b5d-9c82-49d0-9e86-434086e88717,child,19,M,Sarawak
60dc492f-23e3-4779-97a2-64fec74c2bdf,child,33,M,Selangor
080926eb-88a1-44a2-9962-8b4fca5eed63,child,31,M,Sarawak
a90878a6-8c32-412b-b824-ef940da10e4a,child,34,M,Sarawak
8dc5324a-cf30-4ed2-ae19-8d5450f005f4,child,35,M,Johor
14857de1-3e4b-474b-bf25-fe407e75d621,child,33,F,Penang
ddbae7ef-e832-4d97-865a-a918b159e47f,child,34,F,Johor
d6de1efb-61cc-4ed4-8c23-9be8ed5d4c78,child,25,M,Penang
c6a8291a-150d-4759-b758-0ee279be526b,child,34,F,Sabah
bf01bdad-7b16-4c26-8d14-d15e73e19e3b,child,21,M,Sarawak
3cd94921-b423-458b-9e56-3671b47d975f,child,30,F,KL
0c2388a0-69d1-423f-bbf2-2e373f6e1923,child,18,F,Sabah
a05540d4-5b5c-460c-b6d8-2a472e7ea1e0,child,33,F,KL
14eb64f2-ea62-478e-9b77-2d20d50ddb01,child,25,M,Sabah
09ac74c5-5335-41d8-99fa-b21de56e9a5f,child,24,M,Penang
1c432831-774e-4dc5-8473-8bd7228dabe3,child,28,M,Selangor
9dfd53cc-12d5-43d0-b326-1e4c12710885,child,21,F,Selangor
ff4a2592-5784-43c4-a33c-d8ea449334b3,child,21,F,Penang
ab3adbaa-02dd-4c46-a1c7-18e99edac738,child,33,F,KL
e9b50aac-f1c9-42a4-9578-5eb6c752e70b,child,35,F,KL
c1319b0b-faa9-42fd-bc95-bfefaadcc4b4,child,23,F,Penang
e047f688-2fa5-4f71-94ca-0c4ce2ad00c4,child,22,M,Sarawak
179477e2-e539-44f3-ae71-1b3490d4cc44,child,19,M,Sabah
27ac2f01-d88a-497e-9928-ac75728f63aa,child,21,F,KL
00e1d364-3d39-4de6-a568-9fd796818ecf,child,25,F,Penang
4f4d6f89-394d-4912-8d37-d159ed4dc2dd,child,28,F,Selangor
b50ce63a-eb85-42d5-af70-a2f4d3f75799,child,20,F,Penang
f9120991-a1cf-4000-90a5-0d1542ab51ca,child,32,F,KL
fdde91c1-475b-4f86-b000-a0831522e0fe,child,33,F,Penang
b9e92225-0b43-49ee-898e-ac01791ff254,child,33,M,KL
5df1b589-b16e-4846-9ef2-ec0a2dd2d1b6,child,18,F,Penang
019bed21-8b7d-4946-8de8-0a2abad446e4,child,20,F,KL
47f91e3b-3218-4e61-ab7a-bb000033a3b5,child,20,M,Penang
a49a49e1-625b-4cb4-a869-f18f7b45a90b,child,23,F,KL
ee4230f2-3835-4f32-97b0-ade45330ba17,child,24,M,Johor
6cd1860d-d2a0-4f1c-a48c-55730e6d5257,child,35,F,Sarawak
f5d731f3-6aff-4c7e-b966-4073548d7e15,child,35,F,KL
1867f04b-ace6-4798-8865-b4d5856c51c5,child,31,M,Penang
bb6b687d-5472-4e56-a7f6-98932ebe849c,child,33,M,Selangor
0bb953a6-0b20-466d-9a1c-aeb08904830d,child,20,F,Selangor
22414f3f-ff69-4c32-8273-8fd9987df028,child,33,F,Sarawak
4e635f9d-35c2-4384-9042-141c505664b0,child,29,F,Penang
845531cf-19fb-46e0-8be7-a2dbbf39403a,child,32,F,Penang
6fbb91f8-147d-449a-a390-c8fffb54661e,child,19,M,Sarawak
1066e02b-e070-4426-9308-a6c173f1ef81,child,35,F,Sabah
cea10df1-a394-4f20-b385-797908b460ad,child,30,F,Sabah
f819f071-6ce5-4f18-9743-3c413e4dbbba,child,25,F,Penang
d31512f4-5491-4060-b6a9-dcd27dda8a07,child,34,M,Selangor
092fb866-620d-4fcb-98a4-00ac8aa1e8f1,child,32,M,KL
aaaac3d4-c6b6-4a90-9146-b3795884dfa3,child,22,M,Johor
309d4a6a-e039-4cdb-89a4-e8441874fbf4,child,22,F,Penang
0986c514-71d4-4b34-9172-7f708137dd5e,child,35,F,Sabah
2af689c3-342f-48d2-b6ac-53586d31fc99,child,34,F,Selangor
2012d26c-d8bc-4cb1-9cc5-705a8716f6f1,child,34,F,Selangor
8375fce6-fb50-442e-a747-a5f85be75894,child,21,M,Sabah
a005b782-c7d0-4faf-94a2-f067a9e92e32,child,27,F,Johor
90bf2b49-1bb3-4d54-a583-48fdd539ef8f,child,33,M,KL
437656b3-1bf7-4936-b9da-1849e11a6f95,child,30,M,Johor
fe31c62b-1c2a-4938-a798-4771d1fc9316,child,25,M,Sarawak
dd36c407-789a-470c-90ae-77213d007d50,child,29,M,Penang
1b7e0207-25b4-43ff-8159-a1f32edf5b70,child,27,F,Johor
9be1f6df-d70f-4869-90a3-7c78a0ff551f,child,21,M,KL
85d99c45-eee2-47e9-8920-fdd1e1800471,child,26,F,Sabah
c1a36168-9789-4cfc-8177-575ca04f0025,child,24,F,KL
7e414dbf-9b7c-4264-afc8-eb140d9606a0,child,33,F,Selangor
d5e40cb5-7f82-4d69-b266-915e6f8cce3e,child,20,F,Sarawak
e1e88544-cb62-4228-9939-b666f2c73ea4,child,34,M,KL
73430dc5-a85a-4f54-8dcf-6dce20e31608,child,19,F,Selangor
c46c7660-e949-46ac-8bdd-5d37abdd66ab,child,26,F,Johor
b4bb139b-25f3-4b19-be3e-c94cc3f2a46a,child,29,F,Sabah
5630ebbd-ca69-4902-9285-ad331b9e7151,child,35,F,Penang
2ad1fd33-6ef6-4b84-8f73-6643f4ca95be,child,20,F,Selangor
d20470e7-7934-49e4-9fbf-8e2b71aae9ce,child,24,M,Sarawak
bb6e0e3f-a771-40ea-b66e-30b06d781969,child,26,F,Sabah
7a225b61-b646-4469-a3a4-6658c0086dc8,child,22,M,Sabah
98cf3cd7-cac8-4e65-93e7-0c4f5672ee3a,child,25,F,Sabah
736ab474-f8f3-4761-95dd-e48312dbda3c,child,27,F,Johor
eafac045-7692-4776-bfce-ca36640e51c3,child,32,F,KL
b3b2779a-fedf-453e-9513-776aeae4efb5,child,21,M,Sabah
3820d7bd-57f7-48db-b5cb-0c77e4c89ebd,child,35,F,Penang
15b38a89-6bd6-4668-ba27-c56a2699d54d,child,33,M,Penang
cfb6e80a-a0f4-4f21-ad71-5ecdfd104e72,child,26,F,Sarawak
4af2c2e9-43c4-48db-a170-1f3f07ef4c11,child,27,M,KL
38c07a2f-ec1d-4a22-843f-61ece6bb5813,child,30,F,Sarawak
73fa9cd3-c225-49f6-ad83-cdab4d66601c,child,33,F,Penang
a2dd0ac5-7812-47de-adb7-9d62db705fc2,child,30,F,Sarawak
d12329a5-c061-49f0-834a-ae36c4623144,child,28,M,Sarawak
9c5d20e5-20a4-401d-9245-a06953abb821,child,34,F,KL
fccf38b5-2400-4cf3-bedf-19a970badbaa,child,35,M,Penang
f579a087-5f9d-4a07-9956-0fcf782ad00d,child,35,M,Sarawak
012c2260-0d62-4c4a-a2f7-bd4c1b228500,child,20,M,Penang
5777a742-2210-482e-9a08-ad4f46562464,child,28,F,Penang
1bb6ace3-8d30-4fc9-9179-6a9bb4c4ce10,child,21,F,Selangor
d03f884d-e845-4d14-b07e-77278237bd4c,child,20,F,KL
d2c1fec2-3781-4dd3-92d1-af0a8e0f423a,child,27,F,Selangor
88d6e6b5-6e16-48e6-9997-d535c3010450,child,22,M,KL
115a7c2b-efde-4d5c-84a2-127617ebf879,child,22,F,Sarawak
dec2984d-c364-4329-95df-6a88fdeebd05,child,33,F,Sarawak
aed67d37-3067-43b5-b0a3-138539f5ec96,child,19,M,Johor
e43c026a-b55d-4ec6-abb9-c9f2d4527dc7,child,23,F,Selangor
96c57d93-3ec9-4b7d-8cbf-f9f9f15927e9,child,30,F,Johor
4a451e85-efc2-4090-9bb1-496b6daf4879,child,35,M,Sarawak
0d2d4564-a588-4a2b-86e5-6564b8274d6f,child,28,M,Selangor
fa21581d-41e4-4d79-b150-04fcc14ac553,child,25,F,Penang
6bac8745-2344-4d5c-b62f-16d4c80caeaa,child,27,M,Selangor
ee7fd64a-c362-4434-b350-88a13e6d385d,child,27,F,Johor
582be3aa-0e6a-46e9-9c1d-1ae2ddb7a174,child,34,F,Johor
d44f3978-aaf8-4c89-a3af-ee9981dca7fc,child,22,F,Johor
f684c48a-e265-4bb2-b45b-390d5139baa5,child,30,M,KL
3bd54c81-4b89-461f-b6ce-1cf88720835c,child,18,M,Selangor
0d6ce755-a521-4a9d-9628-32d1c852535c,child,26,M,Sabah
d086d10d-45d8-49b1-adb4-1a2fe8d1398b,child,21,M,Selangor
def84e78-fbc3-45f8-b17c-86592ed3d20c,child,31,F,Johor
991e4104-bdd8-41ed-8d21-c523f2c45930,child,22,M,Sarawak
e5c728a6-a70b-4ef7-8b8b-5e6a7fcc72ce,child,18,F,Johor
cd3ec946-2992-426a-a787-beaa7480cc7b,child,34,F,Sabah
77cca6cd-b4b2-4d67-84f9-d74b19732808,child,31,M,Sabah
db47f831-2e49-45df-9ed3-dc6dae31c7ad,child,21,M,Johor
03920d18-da62-42c0-8ea8-6f9e62158bbc,child,26,M,Penang
8f47babf-3bbe-430c-9d35-fdecf8d7cd6e,child,23,M,Sabah
60b10478-77de-4a98-9b25-fbb30835537f,child,33,F,KL
56e902a0-f2d8-4820-9391-e5137de9f45f,child,33,M,Selangor
ad3f9899-8e3e-4430-ac79-72a7160344e1,child,20,M,Penang
e4e01583-25fb-462c-8bb8-8e51277abc34,child,32,F,Penang
6518edc9-9e24-4c32-9661-5c2fb92615d6,child,23,M,Penang
947d2936-9132-44c3-9d03-04c298e841d3,child,21,M,Selangor
6c469c96-5cd9-484a-a2aa-0a09e0157f15,child,23,F,Penang
dfdaf789-e3bc-400a-8b39-746fc120e1c3,child,26,M,Penang
6f7eee15-1216-4ec5-ada9-5bcb531822f1,child,21,F,Johor
1534b263-cb93-4614-bd1f-fb504614aea8,child,30,F,Johor
4d6f888a-3ffa-4e3c-98a7-e86c6237d522,child,23,M,KL
8b620d10-33a4-4ef8-a686-2ebab43a2e57,child,21,F,Sabah
1d269550-ae89-4140-b294-72f5a267cfd1,child,30,F,Sabah
e4d51fb8-6d7d-449d-af52-4f792083da29,child,33,M,Johor
1e1adf35-1b65-412d-821c-05e8a34e933e,child,26,F,Selangor
e1160598-1c2f-4579-a0f6-f664a50dd168,child,34,M,Sarawak
8f27e0e6-75ef-419c-8085-e1b8f6eafcbf,child,34,M,Johor
0e221584-0582-4a61-81df-b0c2156c3671,child,25,F,Penang
1000b3b8-f2dc-4c69-bc57-f34450d0afc4,child,30,M,Sabah
d178f0c7-d8f6-4079-9159-0fee3371dc27,child,19,M,Sarawak
198b438a-e20b-4953-9623-0f2a52268c89,child,33,F,KL
9350b274-6ce8-406e-8c19-7f1ea36cf40e,child,28,M,Penang
113c77e2-1551-4112-856b-08f41d6ba24b,child,19,M,Sabah
10ae9bb8-f4d2-4502-8fdc-6d5f42c1deb9,child,30,M,Selangor
68fd3284-d5fd-4a4a-8558-a7a9bd146bab,child,32,F,Selangor
7acdefa2-7f39-4471-9a88-07913e023669,child,18,M,Johor
399830a3-213c-4170-b3c0-0d740514c01f,child,20,F,Sabah
637102d2-0404-4e9b-829b-3aca442886d9,child,29,M,KL
42479cdc-babd-4f29-b8e0-065401bae6ec,child,28,F,Sarawak
02db71a6-be2d-4732-845d-c32e41f2033a,child,21,M,Sarawak
db7506ec-229f-4dfc-be9e-ca7f7566097a,child,29,F,Sabah
bbf5e125-5051-45ef-828b-f39cd8791597,child,19,M,Johor
9060a052-c11d-4266-a577-5395ff05ac86,child,24,M,Selangor
9ae326d4-68ad-4f79-99d7-9b4d26547450,child,30,M,Johor
05396b61-0afd-4235-9c5d-487c54bba525,child,28,M,Johor
a94f0f3a-66a4-497d-abd7-f77b8bbdd5d6,child,32,M,Johor
52c93189-f267-4e82-bed8-a0c4d3084485,child,35,F,Sabah
407cb2a8-b674-4be9-ab4a-852ea1517783,child,23,M,Selangor
a5b86740-c8a2-4fd2-b916-c0c60fc8c1e7,child,30,F,Sabah
48bc36fd-8d00-44b5-92dc-28032eeb9597,child,25,F,Johor
b0af06fc-9432-4578-ae82-d0ae324561fb,child,27,F,KL
d01f17de-6399-4591-8025-a965c305fef6,child,35,F,Sarawak
8d9aacce-a255-4aa9-aa71-a8fd13c9c025,child,24,M,KL
21854e7b-79b7-4a79-8f98-bb392d1f510e,child,27,F,Sarawak
a231155f-2b78-4df4-b959-302c25ab197c,child,34,F,Sarawak
9e7b89a9-c979-4fff-84b7-705681e80dc5,child,35,F,Sabah
dcd964e8-cebe-4a89-82fb-a8bbdfb140bf,child,27,F,Selangor
d60d28fa-8d81-43de-8f08-46803908712f,child,30,M,Selangor
f26fc8a0-ae42-483d-b3d9-76718bc7cbe1,child,24,F,KL
8cb7d9b5-ae4e-4218-a2f7-0368bb667b6c,child,26,M,Selangor
6d2dd116-ff0a-4281-a085-657edb86af4c,child,24,M,Penang
1ea920d4-b64e-4dad-8fc6-3976f431bd45,child,21,M,Sarawak
6a6ed3e3-14fe-489e-910f-33f224d9f739,child,25,F,Sarawak
9b893336-dcc6-44cc-8ead-c1aa9c0fd8d1,child,30,F,Johor
16fac8cd-c647-4c7f-b3d8-4dfc0713e8e2,child,28,M,Selangor
f81383e7-725b-468b-abd0-5408ec17232a,child,32,M,Sarawak
398d90f9-beec-4372-9406-0d1eac43c4ae,child,35,M,Sarawak
9eeb5879-b1e5-408f-8496-36a9906f61a2,child,27,F,KL
356c116e-fb70-4e67-8012-a6007abc8895,child,23,M,Johor
26f406c0-f285-4e79-a659-9920e8f84048,child,26,M,KL
63b9b5a7-803c-4f4c-9b3f-c4be29e7da59,child,18,F,Johor
0dc6134c-7981-46bd-bae1-e415da91c8da,child,22,M,KL
16308a3f-be66-4e4b-9e1c-d45655df290b,child,19,F,Johor
e38ee96f-2caa-4a6c-a0f0-b538d5aee627,child,29,M,Sarawak
9da082f8-078b-47fe-b501-bfe269f0800c,child,23,M,Sabah
e98ea0eb-8523-4160-b291-e26ad6a660cb,child,20,F,KL
dae2201c-1916-43f2-9c3f-e1e95806bada,child,28,F,Penang
5f877ac8-faf4-4ca8-9737-6c3234f3cb26,child,18,M,Sarawak
2e10f526-fece-40e8-b38b-2811e94d4999,child,25,M,Sarawak
58daf29f-812b-47d8-b9a1-eb57cc995678,child,30,M,Johor
c592b91b-77ac-48d0-94c3-e39b775b1426,child,18,F,Sabah
6196a454-9976-49b1-9053-3c2e0299d1e0,child,33,M,Penang
45c6ff0c-35ef-4fca-9088-b12d5960ea0c,child,24,F,Sabah
18823bb8-d0c4-4101-b3ba-da577665656f,child,23,M,Sarawak
17f052bc-3e18-4390-90f5-7e3e1ffd28b8,child,21,M,Sabah
6ec68b14-07ec-486d-838e-1a68a9937795,child,31,M,Sarawak
5a1c0e8a-7675-4821-8848-55b40a2fcd08,child,18,F,Sarawak
5d78fe09-64d4-4d7c-8db7-9e2b27ab4297,child,26,M,Sabah
7704c0a6-ac9f-4d58-9426-12e9dcd0ae33,child,31,F,Johor
89c24fd5-8a4a-469e-8f4a-2b0656194ddc,child,31,F,Selangor
b54750f3-4243-4856-8131-f20e90b8d114,child,18,M,Sarawak
c8f09efc-674b-4bdb-9f29-8c70fb214cfc,child,29,M,Penang
43626144-69fa-403d-b340-74cf73c90676,child,27,M,Penang
44ac6a51-adea-4d98-8e4f-376aefebfd6d,child,32,F,Johor
0ca42c88-c4c4-4e5f-a74e-2b13e78a2a12,child,23,M,KL
17abe8c7-9265-43d4-9a91-8e6ea4308977,child,35,F,Sarawak
ae5ef32f-f541-48c2-8417-75b6a2787269,child,18,M,Selangor
45b20bab-0445-4075-90c7-54f868ce2a1e,child,35,M,Penang
77112df6-0349-413f-b3ee-5cf8d28226c0,child,24,F,Sarawak
c1bd8161-9a10-4f2a-b254-f9bc67c0dc84,child,22,M,KL
fa6ae8d9-b9f8-4d31-b8cf-6e6ea1689659,child,24,M,KL
eb9227b3-e958-45da-8b29-bcdef76d96ae,child,19,F,Sarawak
526841dc-17ca-40a9-b68e-178502d9d8de,child,20,F,Selangor
bb0bebcb-0cf2-471c-a4f1-e27ba99255cf,child,28,F,KL
a3de477b-ab72-48e1-aaf3-967979400f96,child,25,M,Penang
ad92699a-6af5-4a23-9454-93ed27de57a1,child,28,F,Johor
46c5c922-d6e8-4c02-9ad7-929e7336f1d7,child,22,F,Penang
2fdb7821-3cec-465b-8158-1796312632bd,child,23,M,Penang
be3bc884-1992-4a82-be74-efd4aef624fc,child,31,F,Penang
91aa7a63-72b5-4eef-a18f-56705fc44407,child,33,F,Johor
dbac2fe3-5dba-4ec6-a4db-c77783625db0,child,35,M,KL
9bea6c82-6024-4098-8ac9-230e692924ea,child,20,F,KL
19f091c4-17f1-434a-92ee-d9845838c3a9,child,24,F,Sarawak
2959ba3e-91e9-49a1-bebf-ba04aa5d94a3,child,18,F,Sabah
fd280ffc-90fd-4166-a00a-94e6672ba096,child,35,F,Sabah
e7304aec-f1da-40a8-b8f5-0c6faf39b7ae,child,35,F,Sarawak
4389d60e-4e2f-4b2c-a8df-47ba1890d8e1,child,29,F,KL
8ce1d6e2-79ac-4a3c-a6e5-c92a478c9c6e,child,27,M,Johor
172de334-f4d6-4377-a8f2-61df7810e4d9,child,30,F,Sabah
78f51b64-93e4-46c2-91e6-89843f80dd27,child,23,M,Johor
f0b77116-a769-41c6-aede-92bd27e6c86f,child,33,F,Selangor
69be5a0e-6ceb-45be-9b84-526c242cf807,child,20,F,Penang
3f2a51b8-1963-493e-a9fb-7ac946568e99,child,29,F,Johor
c0510335-0aa9-4d97-bba8-a1d0f9132ef8,child,19,M,Sarawak
c150eb1e-c07f-4a3a-aac1-f26e71dfecf4,child,26,M,Johor
b2fe3d58-10bd-4d53-a2f3-0582416eee20,child,29,M,Sabah
97af9537-cf5b-4706-a368-88fff67041f9,child,30,F,Penang
d5b4d9d9-3ec3-432b-888a-fc97805ecf1b,child,18,M,Johor
22ef03af-4133-4485-bb58-2430e3c07c9a,child,34,F,KL
98665856-c51a-4eb0-85bf-c40b9bf75fea,child,29,M,Sarawak
7ad97d98-9748-4d18-942c-593b338b46a2,child,33,F,KL
9f969e0d-8490-4dfe-b2ad-bb47d32fbb6d,child,18,M,Selangor
5b3906ee-8d6b-4469-9f15-97fe01501933,child,22,M,Sabah
bec9a2d6-8f45-4bb1-9c2d-945c639b8b8c,child,23,F,Sabah
9802afb8-8d34-432c-b9c3-f8502e8d048b,child,18,F,Selangor
03753c11-fe9b-4bba-86eb-e18669d9a647,child,23,M,Johor
5081dc15-b6a6-4de6-8e68-a76d514099f4,child,23,F,KL
fd8cbc0c-d55f-460c-9c76-bea8f11b8ab7,child,28,F,Sabah
52dc0a32-9de9-48f8-a28d-4ac092e8bf35,child,30,M,Selangor
f829710a-429b-4aa7-b3c1-98ff1683c5f3,child,22,M,KL
4d199723-1c62-4a14-b6c4-39ef0780d3ba,child,35,M,Selangor
3a62a7bf-cc66-49ef-b994-f103ac7ee6a0,child,35,M,Sarawak
7165a0f7-857b-4dc8-89a3-1aff3b790039,child,34,F,Penang
40224b7e-8c82-4ddc-94e4-87b4d4dac40e,child,34,F,KL
37600b87-fa48-46de-b297-d192febf7e8a,child,33,F,Penang
f7fcd52a-1630-4146-b3c6-4b58e6c95163,child,22,F,Johor
d96e25ac-b441-4f95-989b-e3915c97458d,child,20,F,Sabah
5182a413-9d6f-4206-ae2b-ba5541305c44,child,31,F,KL
c783e25b-d650-45cf-a2c8-ae6aff078311,child,34,M,Sabah
9db7c2ab-ee75-4382-82e9-6e2510e3350f,child,28,F,Penang
0d9f11f0-2caa-4062-8068-001b60efcec2,child,26,F,Sabah
966a2fbe-d6f8-4868-9d91-d8458f8dd957,child,26,F,KL
7058e815-797f-4c28-bf8f-8aac678e16ba,child,29,F,Penang
36d92610-6be3-4aee-a3e1-4558dfe1ba16,child,29,F,Sarawak
bb2dadd7-0642-4b00-bc1e-41d36e7292e2,child,25,F,Sarawak
9c24231e-a970-4361-8cef-53fed16efab3,child,21,M,Sabah
bff02d9b-204b-4ee2-951f-d27c391ef7ba,child,35,M,KL
84ce93a6-92bf-45b3-bed9-a9b29cf129ba,child,33,F,Selangor
1279354c-aaf2-470d-9f0f-c2661f0c4100,child,20,M,Sarawak
e67928cb-9948-4421-aa71-3544422338cc,child,34,F,Sarawak
3c5bfcf2-e64a-45a0-bcc5-6da5a81f4b79,child,33,F,Selangor
9ad8d945-df6f-44e1-a3d0-e59b85274c46,child,19,M,Sabah
cc96297d-4fc6-4655-8825-597aee471e66,child,25,M,KL
6c41479a-8c6c-40ad-b16d-aba118be5dcb,child,30,F,Sarawak
f4ed5f5d-6176-4ff2-b22e-2fa4e0745add,child,18,M,Selangor
842c1f97-4cdc-4d90-ab99-6938ff4863d4,child,29,F,KL
79598eaf-bb07-4a56-8583-4a23a066a599,child,24,F,Johor
9d05fb6a-0777-44a1-a419-6767469392f9,child,23,F,Sabah
bd137d85-c61c-423c-9657-a11eae74c618,child,27,F,Selangor
8f1c54a5-7575-41e2-bc8f-46659c0b854b,child,26,F,Sarawak
2bb69c44-ce67-4748-8932-f3cd36b9cb73,child,33,M,Penang
1a536323-9fb6-4f40-bc40-3be5185b893f,child,32,F,Sabah
ad44e2f1-5c75-4ebd-a148-497bdc964bfe,child,21,F,Selangor
54d0b3dd-9662-47c2-bb63-727c1e4ea832,child,25,F,Johor
e8477361-7507-431c-a5d7-7def38b9b4d3,child,34,M,Sarawak
3416d4ef-4c8c-4295-90bf-1e041e3d2f38,child,27,M,Johor
b4424055-05e7-4418-b909-8b63841b172f,child,20,M,Johor
07dbff56-68c3-4b99-9465-61929f1f4bce,child,26,M,Sarawak
7f138df1-a024-46ab-babf-0543d834632d,child,33,M,KL
1a60718a-8e49-4e9d-811f-e610d56cf508,child,24,M,KL
737806c9-74d5-42f0-a630-5fecc7b1e375,child,29,M,Selangor
ad5b9a7b-3278-456d-8d82-397477a5dbea,child,18,M,Johor
566c4577-734a-44b4-ab5e-30dca88d38e0,child,33,F,Johor
46bf6612-1f68-4844-9b79-336cac36c57c,child,30,M,Sabah
ae0679d8-d45f-4b69-ac93-dd9c6e9d2338,child,35,M,Sabah
ec7db85e-576e-43d7-827e-f8cd65a033b5,child,32,M,Sarawak
3846dac0-d0d3-4bb4-93af-226bfe795bbb,child,18,M,Sarawak
49f5909c-908a-4e4c-986f-e4b7484643c2,child,29,F,KL
01a4766a-f0e4-4f3b-a6d4-c5962d274690,child,26,F,Sabah
8cc95f9b-1762-49e0-b7eb-b11613af2697,child,31,M,Johor
5a3bdabf-5694-4dac-b21b-1b306461c491,child,29,F,Johor
17e54d11-37c9-40e1-8247-e0ac124c35b1,child,22,M,Selangor
48442319-d41a-4757-905c-232afb035e56,child,35,F,Johor
2d4b6bce-f602-403e-b03f-938c016ff3e3,child,18,M,Johor
e2cbcb83-c66c-41ef-bf55-7a63c95ffdc1,child,33,F,Penang
700b55fa-a1dc-47d3-9cef-3665ff1e56da,child,30,M,Sarawak
561062dd-0c3b-413f-9d30-d50272cd2d67,child,33,M,Johor
40836999-e97a-4f96-9ffc-d693f7350b90,child,26,F,Penang
dc4997a6-ea8f-4411-bad6-5dbb99d095f1,child,18,F,Selangor
9c0da7d6-c307-4fb5-94f9-7e050645e400,child,35,M,Penang
ac1f1420-a40e-440d-890f-157a86bc084e,child,20,F,Sabah
df516b78-998b-4b5e-abef-dcf22d931f07,child,23,F,Johor
53d9a8b7-fcce-40b2-91fe-48ff11375537,child,30,M,Selangor
05972809-c1a7-4f08-a5aa-e69d6475e636,child,28,F,Sarawak
8f96651c-d0ed-4c7f-ab97-221147bb28e4,child,26,F,Penang
df05b89e-ea06-4514-96b7-fccbed28536d,child,32,F,KL
1f2ff30c-868d-4b31-b199-8419563ee567,child,22,M,Sarawak
7c6078c6-0ce2-4998-a4cd-d4c5aa36ea32,child,24,M,Johor
3e795114-ffa7-425c-bd06-80497adccc6f,child,33,M,Selangor
b85ea42d-2f09-4fdc-b16a-b0cb347cad68,child,20,M,Penang
99967fa4-0e38-4c3d-b701-f4f7259dfaeb,child,20,F,Penang
42ee9354-ad10-4bcd-8d59-b5c0636bf8e3,child,32,M,KL
4a6fb781-5976-4a8f-ab64-4b694fef9dfb,child,18,M,Sarawak
e3758d7f-0b75-41fa-8893-5d224131d6b5,child,32,F,Sabah
fa1912ee-dc35-4aaa-a9d1-04209628a407,child,32,F,Sabah
80124ef3-db49-4351-baac-61505f6d5df0,child,35,F,Penang
ef64ff64-1fe5-4196-b668-c298490c5406,child,27,F,Johor
c8e5b864-c86a-48c3-9625-fd824f5db944,child,18,M,Sabah
8c09647b-0f64-4a31-859e-64eb578673f0,child,22,F,Penang
ba891e25-52bb-4352-9dbc-b238d6072484,child,33,F,Selangor
2476b9ab-288a-41d6-a42c-f365cf967a22,child,27,M,Selangor
0eb61906-22b4-4117-ba94-ec9f5638e879,child,31,F,Johor
3fda2d5e-81ba-48f2-950d-2f66fc2f2967,child,25,F,Selangor
22000017-4ec4-434a-8e4f-6bb825911a9e,child,34,F,Penang
3a114123-4047-4681-b04f-38a1065428ec,child,35,F,Johor
6c8c61f7-b79f-4513-ad20-34bedbb90fb9,child,22,F,Selangor
10d0c069-fec3-4d92-ac46-f0f037f83b65,child,32,F,Sarawak
46f397f2-727e-4827-9c9f-ffbd60eafeae,child,24,F,Selangor
e7f260ab-ddc0-4a0e-b09e-e5143dc33c93,child,23,M,Penang
ccd6a05e-b157-4e7d-9dc1-31a2d5852b79,child,18,M,Selangor
e3061318-ba7b-4359-9099-322cb0cf36ba,child,28,F,Penang
adac966b-4e3a-4be2-ad95-7402aa90907d,child,29,F,Sarawak
33fc2710-299a-4b53-99e6-355802d0b28d,child,28,M,KL
b09bdee4-e985-4a7a-a924-0a3505772e52,child,20,F,KL
abd2f113-4210-4e39-9c84-75fd157d6554,child,18,M,Sarawak
d1db6b12-f991-413e-ac5a-bf4cb9516461,child,25,M,KL
3c0594d3-7e75-4b6d-bf0f-ca3ea4292337,child,34,M,Johor
fb015f06-a85d-429b-bf60-d75a137804f2,child,23,M,Sarawak
900d60e4-ea7c-4557-aadf-571363c4c098,child,34,M,Penang
1368b35d-4347-4262-b956-28d78fd32e6b,child,29,M,Sarawak
d915ebe7-486b-4af9-bdfa-4f51f5c2752d,child,31,F,Selangor
764557e5-2c92-404a-bfdd-0b23077a84c9,child,21,F,KL
03ec8ebe-e26d-4503-bb9b-bac8e53a34fa,child,33,M,Penang
72c1886f-0607-4598-b582-03fd9d6198ae,child,25,M,Johor
755e5a51-aa94-40b4-9b91-dc0d4f7e2a81,child,19,M,Penang
53444d92-c487-44f7-8d85-6b7ef51bd557,child,21,M,Johor
74de6f96-1ac4-4336-8a21-ad2b338bf444,child,32,M,Selangor
443f73a7-1e42-4fcb-8430-01e296a2a217,child,29,M,Penang
b510e6a2-1e7a-48df-aafc-5e774caed709,child,33,F,Sabah
83c68cb8-8201-4055-b74e-7c2628b28260,child,23,F,Penang
28d5273f-e270-4897-9163-75d536d0b127,child,35,M,Selangor
9882a2c3-8899-4577-803c-6a3acc39a3ae,child,27,F,Sabah
1a8c79cf-4421-4bb8-a009-554402116001,child,30,M,Selangor
b4c2fde4-332a-47fa-b994-1c390b6d6c8a,child,29,M,Penang
794a13e3-ccde-443d-97b0-bc1be66149e9,child,35,F,KL
cfc64e89-d0af-4023-894c-b5ae06598a9b,child,35,M,Sabah
a497d573-196e-4fd8-b5d6-39501dc26433,child,21,M,Sabah
8b8aaaee-92b4-4f4f-80a9-8e311eec9daf,child,19,M,KL
2b0bd757-cac5-44f5-9576-45325c1e9197,child,21,F,KL
baaa5e0a-e66d-4fcc-870f-25ed98868a92,child,34,F,Selangor
b0517a3b-4d9f-49c9-82cf-7cdc06c7ef61,child,18,M,Sarawak
e1109cdf-51a2-4f0f-9460-4b902fa2fd16,child,32,M,Penang
8d9750aa-9113-4dbf-8821-cf1447a573b1,child,19,F,Sabah
19816029-fdff-43b8-a629-e9f15d406a9f,child,27,M,KL
072fd245-5168-4a89-9a78-476f32aec546,child,35,F,KL
5ec51af2-6879-4023-8507-486e50f2a155,child,23,F,Sarawak
e91a0487-2e12-4fdb-afd9-ce670084ba0e,child,32,F,Selangor
7ef82032-71bf-410c-a1e4-e811c58d49ec,child,35,F,Sabah
c90afc90-e5fd-42f0-9a9f-e408df07f298,child,35,F,Penang
e7da7140-3131-4499-8edf-991f56e12bea,child,28,F,Johor
82dce5d9-1dff-439f-88e7-f6232634e633,child,31,F,Sabah
64a21cc6-f15e-4172-8108-d748bc01c6d0,child,30,F,Penang
ca169edb-8709-40c6-bb52-6519cff35504,child,32,F,Selangor
a0c3a83a-7ebe-4675-bebe-ecfbad2c99f3,child,18,M,Penang
6e3ca535-7df3-48a7-b769-e45ff5f76bf9,child,24,F,Selangor
a398575f-c837-4b3c-bb38-b98a24931743,child,35,M,Selangor
4de0803f-5e2f-4ef3-81a5-7f5fef118d85,child,22,M,Penang
9267f7f6-8d72-4e96-bf02-408ccd717b10,child,26,F,Selangor
35aac6c3-ee07-43c9-9b43-759c03110c56,child,33,M,Johor
a4c83cc0-97ef-4238-bd00-031f03b96e39,child,21,F,Selangor
32d95579-8225-49d3-8d19-35855ada89fe,child,30,M,Selangor
dad908f5-f900-4bad-8a78-cd6c97e369ad,child,28,F,Johor
3d8d1976-f1bb-4a63-b086-c2c4243f898b,child,25,M,Sarawak
4f632cba-88f6-438e-a3ed-ebc985840223,child,30,M,Penang
a90bf5fa-762a-414b-9789-350eed0f867a,child,22,F,Sabah
983c7f24-8879-4b48-8d0f-f403d2e99917,child,22,M,Sarawak
2d3dc118-9c6d-4d2f-801f-2976c3df4a78,child,30,F,Sabah
2a87ee2d-a2d8-4d92-8951-d9157c187e06,child,25,F,Penang
e4471e08-0edb-4e84-9901-48395f1b2584,child,22,F,Selangor
f1c76141-2d93-4f23-9b3e-dfa92fee5bf4,child,30,F,Selangor
868c0823-d256-4fbe-997a-46d77215dc94,child,22,M,Johor
c201563d-380e-4bf0-b2a8-0964ba56bc7f,child,30,M,Sabah
1c6118db-2c46-40bd-9fa0-7d0118aa203f,child,34,M,KL
3af35ee4-f780-40f2-b854-1b0b22099acf,child,20,M,Sarawak
e182af18-aa8c-463c-a29a-5b4944cab0fb,child,29,M,Penang
7444f9ca-3d01-4398-899d-d0bae689c890,child,23,F,Sabah
cc8f772c-cc4b-4ce7-81fb-826862ed1057,child,32,M,Johor
63b1eb00-08bb-48b2-bf86-3e0ed5679a6d,child,29,M,Sarawak
ae4daf8d-57d7-4966-9d91-07a876ce13c6,child,22,F,Selangor
6397aa24-7dfc-494a-8631-79a577cccd64,child,32,F,Selangor
6b8d01c4-3ae3-43af-9a5a-39007a4d2364,child,24,F,Sabah
7faceb8b-5b1e-420c-91d2-54f914d1e27c,child,34,M,Penang
cfee686b-77f3-46c8-9ffd-67402b2c8fac,child,24,F,Selangor
acfe6e6a-f938-4288-90cd-938f3ebc06b3,child,20,F,Sarawak
0c408c6a-56bf-4b0b-b953-32e340753da4,child,30,M,Johor
aac085c5-372f-42c5-8ade-05a9f21f8e4c,child,28,F,Sabah
a7291980-b41d-495e-aab6-62eafaeadddc,child,34,F,Sabah
007df0c0-8004-4cc2-a3c3-f8516f59088b,child,34,F,Penang
039e5648-6a16-422a-afd9-4f7b42172390,child,29,F,Sarawak
d11b3769-3547-4aaa-a426-f7fa67e678c0,child,19,F,Johor
9b4174d6-f972-4671-997b-ece87606ed06,child,26,M,KL
d1e502c3-adcd-4947-8353-52e5e8a22d13,child,22,M,Sarawak
10380b48-d4a2-44f7-96ea-aa459fc4bd69,child,31,M,Sabah
e1634369-17b0-4671-be43-65bf14b8859f,child,28,F,Sabah
e2e6c27b-d50b-4193-8267-7887dcda51e7,child,35,M,KL
4637b7f7-fede-436a-95f7-3428e665405e,child,31,M,Sarawak
1053b412-29a4-4926-ac1d-c9f67be39084,child,23,F,Selangor
c0f18b42-8731-4e81-b7d7-86b2860353ef,child,23,F,KL
91800779-6f23-46ef-8944-83dd56e33596,child,31,F,Penang
8b0266d6-8fc4-4115-a2af-3a94b83c5e6e,child,22,M,Selangor
4028a102-8524-4976-b12c-b87e747b2afd,child,26,M,Sabah
2e67b6de-1e3d-4b44-9314-05dcd79399ee,child,29,M,Sarawak
ea647fe8-90ee-4b28-8e33-33dc3603c6fe,child,22,F,Sarawak
09867d87-3938-4d2f-9d58-3d65791f1f5d,child,23,F,Johor
20b8e22b-5e07-45fd-be53-1b610bece740,child,25,M,Johor
90715295-4180-4058-af5e-ae88dff5b7f5,child,31,M,Sarawak
b68f4b9c-e86c-4b10-97f3-71cbc5c2d613,child,24,M,Selangor
3bdcc10f-db7e-498f-9fd2-8ac2421bb830,child,33,F,Johor
877d34c4-8666-423f-a551-d3731ae3ea8b,child,31,F,Selangor
aa960b63-dd22-460a-828f-d69b16b6913c,child,30,F,Johor
a556cdb5-7613-498a-b6e4-aa0997f7cbb1,child,35,M,Sabah
92aeaf24-e4cb-44d1-bb52-57c11df97a73,child,34,F,Sarawak
91339c0c-98fb-4948-9ed6-b4c8c3e9f56f,child,19,M,Penang
e1477e0a-a931-4072-8075-c345c9a8a193,child,27,F,KL
68f61c41-c536-4c77-af5e-6c441b44705e,child,34,M,Johor
c117bb3f-9e10-4d1f-9f53-bcb5f3d6862c,child,32,M,Sarawak
23fd6130-b2fb-422d-a7e4-cdb8ebf5b26a,child,35,M,Johor
b84d07e8-01c1-45a1-a170-4c026b57de50,child,18,M,Johor
3dfe773a-72cf-4b0a-bdd7-df6c26635a44,child,32,M,Penang
ba05093b-d3bb-4258-9d10-37583af05b7e,child,21,M,Selangor
4f5e733e-a3e1-4de9-86ec-4d8b9e55e72f,child,20,F,Sarawak
27da984c-eeec-4045-9d8b-f8e2a1494256,child,34,M,Johor
12d63d44-ba7c-4ec7-8a5d-fd8c6b8d31e5,child,28,M,KL
2aab6d0c-7818-4cc4-b1d6-a31698e475f7,child,19,F,Penang
518ffc5c-1b6e-42f8-84b4-00ed661c68d1,child,23,M,KL
5dc2d985-e673-4659-b446-debce8f512c6,child,18,F,Selangor
b9dc5ad4-7ae7-4d4a-a792-d411b97a03ce,child,18,F,KL
5b271c23-e4df-44ce-adf2-23b9b4576997,child,32,F,Johor
bfe93f69-808c-4c14-b5d0-03dc2da9d19e,child,25,F,Sabah
a64e8225-1560-41ac-9c17-0e5ae6eb8a27,child,24,M,KL
65bdbdf0-6990-4f72-857f-e347c91564ed,child,19,F,Penang
2e4977ce-67ae-4049-9708-8087114fc2b2,child,23,M,Sarawak
e6d10f6b-43af-4ae1-82e9-eb6b83c9df75,child,32,F,Selangor
75f1fbc4-3c42-45d4-bc7a-dbd67c68b984,child,28,F,Johor
195b17c0-c4cc-4d96-bc56-4c9f0fbe3134,child,35,M,Penang
4c566682-e7a4-4121-98fa-25f78e72e0ef,child,26,F,Sabah
fcd9327a-01fe-4b9b-a513-400f0a2e33a3,child,24,M,Selangor
c5f0ca36-49b3-4fad-8202-f1886cf0bbcd,child,27,F,Sabah
fe85a743-8e94-4a2c-b1d8-623db686d8cb,child,26,F,KL
f363a734-dbc7-4928-b64d-8a70c85a6dd1,child,33,F,Johor
0ee5cc98-268f-4cca-9df8-179a55a2d0b0,child,25,F,KL
9415e7cf-44b6-471d-9f70-7fe590d7df00,child,32,M,Sarawak
fa4b041e-312e-43f8-982a-9389c95ddc3f,child,31,F,Selangor
86ff8a86-2523-4aca-b433-62f4189835a0,child,18,M,Sarawak
8f816e46-d2a0-41fb-92fb-10963d469611,child,27,F,Selangor
f5bbf0ae-c03b-4eb4-82a5-b9b6a115c166,child,28,F,Sarawak
af2d1241-b53c-417b-b122-fd7c59ee7db8,child,24,F,Penang
df322c87-737f-491a-9d46-01605afc83f5,child,33,M,Sarawak
0fc6472e-f7ce-4502-9f65-fc0cbdffe98b,child,32,F,Johor
91af019c-2513-4d65-956c-7edc7ca697c9,child,31,M,Sabah
d5b87f0e-ebfa-4e52-8213-d3d1161f55f3,child,35,M,KL
eb65dbc6-f71f-436b-9f8e-70c4885c5e62,child,29,M,KL
1e693e29-550f-4d23-9599-956470b94d97,child,28,F,Sarawak
588a0f6c-141b-4613-9a6d-d77485e71fcc,child,30,M,Sabah
b976a844-1e73-49f5-9328-23dc865e3b0b,child,19,F,Johor
d46854a8-89f7-49cd-aeff-671ba8125188,child,29,F,Penang
fd215c95-b2fc-4484-8def-f96fb2bc4600,child,21,F,Selangor
30d82990-2d38-467b-b061-695c05ba0a7a,child,34,M,Johor
2c21e65c-3462-429d-9250-4f74d4f95ff4,child,22,M,Penang
4a442b2a-1608-40cb-ab8d-90baf8cd7b02,child,34,F,Penang
edb478a0-45bf-412a-8358-c3a433e6b6ab,child,22,M,Sarawak
72dc61c3-b43f-4e8e-abe9-078884f64ddf,child,34,M,Selangor
0d31ff5d-b237-4c9b-8bc8-6ced534d9974,child,20,F,Johor
1049735b-40c4-474a-b1cb-b15304353b66,child,21,F,Selangor
9a02e1d4-46c4-48a8-94eb-8b6fa485aea6,child,28,M,KL
74208a0a-1efe-43d8-a9a5-626e54f975f2,child,21,F,KL
06792471-509c-4a30-98de-8ee562785c85,child,18,M,KL
a712a8d7-303e-49cf-b5d0-fc501989e262,child,26,M,Sarawak
de91c272-849d-4e23-acba-7fb0bdd84ea2,child,25,M,Selangor
f25892ce-8e5a-4b79-b7a9-f73ca850c6e1,child,35,F,Selangor
f0b24d85-218d-4557-9783-6cf471069d65,child,19,M,Johor
ee52e4a9-fd79-411f-afae-0dec2aaa4c0f,child,30,M,Sarawak
7e3943b2-9261-4fa8-a815-98c6abce773b,child,29,F,Penang
57f762e6-541c-402e-82b9-58754466791d,child,35,M,Johor
41c50ce4-4ec9-4f93-a5ae-b2bb6bcd2d23,child,32,M,Johor
26bf07b9-3f14-44c8-8cb7-55fa207cfb1b,child,33,M,KL
71af3ec7-8cc1-4205-a7c5-4773bb6bf5f0,child,30,M,Sarawak
6a8d628c-8f6a-4846-abdb-18ac4b26ce04,child,28,F,Johor
aeec363e-648b-4240-bae9-836699f29f06,child,21,F,Johor
7831a14f-9e09-46f7-a8c8-1f1d0431316a,child,27,F,Sabah
4b39382b-a98f-4408-8254-69cbc3f1844b,child,30,M,Penang
f9797dc6-fc3e-41f4-89a9-0bcaf18cfc7d,child,35,F,Johor
cced48c8-289c-4111-8d91-87b217e5c876,child,25,M,Johor
aa5e0722-20a8-4e94-b59a-22f9944c0989,child,31,F,Sabah
d0ad299e-a786-4f7d-bfc2-8fc7f97eedb1,child,25,M,Sarawak
98c0f914-b7d3-444e-814c-0d2aad430482,child,33,M,Sabah
ae07301b-f093-47e4-9e0c-d9ef6cbe5a3a,child,35,M,Johor
21a2467c-0d75-482c-96fc-78ac208e6be1,child,20,M,Sarawak
7b525daf-02eb-4b81-a4fc-1d7130a83356,child,28,F,Sarawak
9e4e36fd-eb2b-4741-8343-92ecfba72ada,child,20,M,KL
ddbc32ec-d4be-4397-ab55-f46dc8defd04,child,18,M,Sarawak
f95353af-2afd-4e43-a2eb-35ae05ef2f8b,child,32,M,KL
560063be-99c2-4419-b6aa-b7d9c1ea2d26,child,28,F,Sabah
52d3829d-2b4c-40b7-bab9-13449b45d6ed,child,27,F,Sarawak
a72b1393-a772-449a-99ea-abb4d6232c98,child,20,M,Sabah
5cbabaa6-9ff2-444b-ad13-591b3b788608,child,30,M,Penang
22e1f7f3-c6e1-4212-8267-ac01c52e0abd,child,29,M,Penang
904b5464-7835-41d5-80af-9a5aac99f292,child,25,F,Sarawak
01595dd9-7402-44f3-b885-fb3cd2bc374f,child,30,F,Johor
76aa83a8-672e-45b0-8d71-bd50dfc11653,child,23,F,KL
1f72c5f2-829c-438a-9efc-2ff438bd2999,child,31,M,Penang
ffe8288f-5534-4396-beea-068f29e4b4f0,child,22,M,Selangor
31886cd8-cd4b-40ef-a475-8b3b30c9f231,child,33,F,KL
baab8841-55a9-4400-8818-aef3d98e2e01,child,31,M,Johor
f275611c-4e52-4e2c-a535-06cb345f7f47,child,30,F,KL
72371bad-34e7-4060-aa80-103dc29bb6de,child,33,M,Sarawak
2d098e20-6df5-4f72-9f8e-deb6e540d56b,child,29,M,Selangor
7d9c7aa5-ce26-4eb2-8c5e-b7f45f2df2d7,child,21,F,Sarawak
8529a34b-4414-4fac-b592-60ed220a2c17,child,32,M,Sabah
ba604caa-f9bf-4676-a3e6-aebb0c57bff1,child,20,M,Johor
72dcd820-b6b7-4e03-98a8-c89a847b66c9,child,27,M,Penang
c22ac74b-ce6c-493a-8316-515a5f6dc7e7,child,33,F,Sabah
08466cdf-eb2c-4636-977f-d0d86260360a,child,28,F,Penang
80186ac5-732b-485d-8c03-02e5c7ba2a54,child,27,F,KL
e286a451-444d-428a-81cc-20170be66d5d,child,26,M,Sarawak
2145748c-cc01-4dd0-9267-af667051a7d8,child,19,F,Sarawak
bebd2181-fe27-4615-9b1f-ab445c9b844f,child,27,F,Selangor
fbbae5ba-0b19-43a1-b334-39280c86d53e,child,26,F,KL
faa9598a-2dea-40be-89d5-7eeaf3cbc323,child,26,M,Sarawak
17a200fc-5e36-4dea-9c48-ed5ac24af958,child,22,F,Penang
c6e0798d-e5a7-4145-a1cd-5869258ab038,child,25,F,KL
1a073979-1879-40c8-a8d7-e04e0c0b8e4d,child,19,F,Selangor
e76d9798-3500-479c-a8e2-c48eec7e2625,child,22,F,Johor
9dd7e006-8bba-4b99-b450-985403576655,child,25,F,Sarawak
df26f090-af14-4aa6-95b7-b4914553b320,child,24,F,Selangor
481e576f-848b-4c55-a442-663e08a5c081,child,21,M,KL
54842b5b-c686-4aae-a808-af7ea2dc66f0,child,33,M,Johor
86629011-8a9e-4234-9a78-bb3933667afb,child,30,F,Penang
71951e1d-8a5d-4b37-9852-3bf50f05055c,child,32,F,Sarawak
24393416-c62d-46a3-a589-dfcff4b88fab,child,21,F,Johor
d8ebba53-48e9-4f72-8b3b-613bd025ceb9,child,28,F,Penang
9cc3a177-051b-465c-8067-b101c4de67c2,child,26,F,Johor
1a84ba5b-aa60-4263-8007-897f91074dd7,child,24,F,Sarawak
aece9027-7bcf-414a-849b-5fcee7fd60cc,child,28,M,Sarawak
b75287db-35b8-4fed-8bba-e8a7a6702ddd,child,21,M,Sarawak
9c190026-3ca5-4785-9bba-f5f52b6eee3d,child,27,F,KL
39d58917-138f-4616-a009-ab38450e0601,child,19,M,Sabah
2593ddd5-cf91-41c0-a546-a855c7603c04,child,22,F,Sarawak
66f4043d-52b8-482e-8067-de26e76f5984,child,23,M,Sarawak
88cbb6dc-b6b5-434d-995c-2d549fcab0e6,child,32,M,Sarawak
7337af62-0da7-43bf-9d11-c174256c11c1,child,31,F,Penang
f6cf3a2c-2b98-470b-b612-1bfb5608fddf,child,19,F,Johor
d54fea17-720a-40bc-b6a8-6b6f939a0a7a,child,26,F,KL
88952788-9ad1-413e-b8b4-63860e31330e,child,30,M,Sarawak
bd8e052c-bdb4-4097-8762-32574af3b3f0,child,31,M,Sabah
30a76e5c-d0f2-46a1-ad34-bf5f2611c880,child,32,F,Selangor
54048c9b-708b-4f0b-b2e2-97c84b444e54,child,26,F,Selangor
a7d65719-b9a3-42de-b385-a2c8f815e1ee,child,22,M,Selangor
62ab76d0-5a24-4630-b7ce-6dfc237a19d2,child,22,F,Johor
47b89ef4-37b5-4927-92ba-42a63f26ff6b,child,33,F,Johor
83d969db-a4f3-4151-9cd9-29919b8a6e56,child,25,M,Johor
d71da438-4abc-4aa4-90d0-5b15a70524a9,child,33,M,Sabah
436fd474-c1b4-4c85-b5b9-00f60d52834a,child,28,F,Johor
ccd9e5e1-a3e6-4d19-b42b-eb54084b3c1c,child,29,F,Selangor
cd01efb9-d40b-459a-81fc-79f4667958d4,child,24,M,Sabah
dfd19573-36e5-47c7-a895-5736e879f1c7,child,24,F,Sarawak
fa21445d-43e7-4df8-8aa0-624e36f6c787,child,33,M,Sarawak
330521af-b303-463c-9093-288bcd45b45f,child,22,M,KL
f331fa47-0958-46a8-8ec7-0dc4aac8179c,child,30,M,Sabah
20c35697-f5b4-479d-a8fa-758e7c7a3575,child,33,F,Selangor
c0f12ca1-b610-4aa6-8269-1e92cafd8791,child,28,M,Johor
d4e0624c-2315-4943-9e25-7413475cc20d,child,22,M,Selangor
6dec7d15-1502-4945-be00-9d2c362c5837,child,33,M,Johor
3251e1e4-1d82-4a65-a219-45f0f426a42b,child,19,M,Sarawak
67b24f66-0856-4100-8d75-2483acda421d,child,18,M,Sarawak
6306244c-3d91-4e06-9c95-539854d7059f,child,23,M,Selangor
81068881-399d-4b51-9a99-af558876c4fb,child,20,M,Johor
a7e79ee0-2026-47c8-b416-bc39547f8f4b,child,28,M,Sarawak
23391ef3-f8d8-4b25-b2a3-b58c782e0047,child,24,M,Sabah
4397027e-69b6-4913-8212-81d1c3b40bf4,child,21,F,KL
83787ab9-a314-4511-b513-467abfcb3b25,child,29,M,Johor
f9b7f7c4-6b06-41d0-8f9b-f40aca052292,child,21,F,KL
239cf6e0-5d50-48fd-9ca2-a880cdbd89b8,child,20,F,Johor
9628aadb-03b0-423b-8f00-6405e642716b,child,22,M,KL
2a5e869b-1387-4323-a68c-863746fb8cd0,child,34,F,Johor
415dd15c-e4b6-4c0b-a2f7-823b717fefb9,child,19,M,Sarawak
1a7c59fd-71b7-4b9f-9e0f-8a6bcda1a596,child,29,F,Selangor
3eaf32d2-77eb-4b92-832c-8c8f45b00057,child,21,M,Sabah
2e6ebb03-b229-4ad4-b65a-5b4f3d102cad,child,24,F,Selangor
0f36e077-6f6c-4d7b-a036-39e126ace0d7,child,33,F,KL
ae00f258-cc6e-4a42-a3ba-e325bfb7c9c7,child,19,F,Penang
439add4f-b976-481b-9121-60c11d855706,child,32,M,Selangor
f8a153b3-37e1-4837-9400-965c00f8c0c9,child,35,M,KL
0aa2c8b9-79c0-45fc-a3ba-4dd124d49e8c,child,34,M,Selangor
056046d2-fcde-46a6-8d5b-2d058fb3fd6d,child,32,F,Johor
995ab572-4e30-4961-9988-d1f5d40b00fd,child,25,M,Penang
4e9a77cc-bf4c-4c5d-a4a5-4d5b77c87b72,child,24,F,KL
c041e5ac-51d8-415b-b0f6-03d88163ee48,child,19,F,KL
ef6d5863-78dd-4c5f-bd73-3d6026637fe0,child,23,F,Penang
6c7cb2b7-5132-4010-b15c-fb1983ca8ee3,child,26,M,Penang
4e6c2967-2d24-410a-aeb4-5a001da52d72,child,26,M,Selangor
1aced811-6255-4d9f-a573-89b4e3f65070,child,31,M,Penang
224cd1fd-7b33-4d9d-ae1c-45c3a0c12882,child,23,M,Sabah
3d7fe15a-50bb-4795-a364-71c160c7a17d,child,25,M,Johor
c3021dcd-68b8-419a-b8e5-4ecd4745a140,child,24,F,Johor
45153a2d-38f7-4604-bb4f-8c0f8220a3cf,child,25,M,Penang
8a2bd216-091b-49b0-a58e-92244b43b43f,child,22,M,Johor
270c87f6-0dfe-4526-89ae-1327738b397c,child,34,M,Johor
8a6f98a6-e891-4b6a-8431-a1467f2dc889,child,21,F,Johor
bd464d88-3af8-450b-bb6f-47861fb19bce,child,31,M,KL
1b6b984e-d336-460f-ad96-9ec394382f62,child,27,M,Sarawak
a60f9f01-be1a-46d9-9824-5be9b7a2165b,child,32,F,KL
ab723519-adae-4a4e-93af-aa520eca644c,child,30,M,Penang
76493e88-a777-4c9d-a14a-e5598d4ca87d,child,28,M,Penang
7f225cc0-870b-49f1-b1ec-a76f00763a43,child,35,M,Sarawak
d62eff8c-9646-4fa7-8b18-c816bdae878c,child,19,F,Selangor
b8b547b0-aea6-4ec5-8f68-2482782fe65a,child,19,F,Penang
242a5c7c-87ca-4109-adf0-fcdbfa3901f8,child,35,M,KL
47d30191-5b37-46c4-8223-20a7534076f9,child,25,M,Sarawak
69a5ab6f-5117-490e-8fe2-02c89ed09a36,child,28,F,Penang
460425f3-1350-4826-aac2-95b67fb7c5cc,child,19,M,Penang
1ae7c6e2-65dd-4898-bd28-001e2b0460d9,child,34,M,Johor
232cf890-c56a-4ecd-8f19-477c9070e869,child,27,F,Sabah
a67428c3-f26c-412d-acee-9d344527ae92,child,24,F,Selangor
a2ef3cee-4838-4b6f-bcd9-9fde8a1819f5,child,27,M,Selangor
1ff94218-6405-49eb-8c70-558569d47819,child,22,F,KL
b93a9d11-9066-4561-a492-aad43ebb074b,child,18,F,Johor
1271155b-c6f8-4ad9-b608-233d1c386db4,child,35,M,Johor
97bcede4-dc20-44f8-907f-e1b194cc764e,child,18,F,KL
2a9508da-4e29-4533-a7dc-560e8333c68a,child,34,F,Johor
256f4be3-ff78-42e6-99dc-d5ab860ad8d3,child,34,F,Johor
31576ff0-c8d9-430f-8314-4f938e6f13bd,child,27,M,Penang
a0150bb8-1ea5-49d9-b02d-19d8acb4ed68,child,27,M,KL
041894b2-153b-412c-9d91-c5ce8392926b,child,23,F,KL
a4b85418-6399-4a46-965a-483aafc723b5,child,23,M,Selangor
8a208503-9b24-479b-9ea9-2e64b23748c6,child,22,F,Penang
89c5b3f3-2878-4592-ad83-7197fced9b88,child,35,M,Sarawak
01654e58-6f85-4387-b11e-21f1ae1dfb9b,child,22,F,Johor
669ee810-d3fd-40df-b90f-866d82303dee,child,35,F,Selangor
159d2d87-a480-4219-a007-fdc3561630bf,child,33,M,Johor
911d90b6-48d9-42bb-b1a3-6bb7e9523a34,child,22,M,Sarawak
f0c4bb50-3e44-4400-9a38-b9e1a09daa95,child,27,F,Penang
fe447fca-8881-40f3-a0b7-7c0de9a9fee9,child,22,F,Penang
1ea49dc5-8919-4858-bb51-8fd53b0377b6,child,33,M,KL
83ecfe8c-7cc0-427c-8b32-f0d091a1da18,child,21,F,Selangor
b0c30068-34fb-4792-a4d4-06f926354b58,child,32,F,Selangor
6430d51d-6d44-4988-94fd-ef42414e9f06,child,34,M,Penang
d2a4f59d-4e7a-4874-81f1-f8aa443704ae,child,35,F,Sarawak
61fa9d17-89c7-45bb-b141-31de4b99aba6,child,20,F,KL
ad6ea53a-723f-4ca6-a12c-021fce427eea,child,29,F,KL
c0431b89-f3ca-4351-9f02-e4bba69d5b89,child,29,F,Penang
5fc1ac9d-d21f-45ed-903c-42e94c592732,child,29,F,Johor
67fddb15-7e04-4a98-8fdc-4f086986ee7b,child,20,M,Sarawak
5c2ae582-4d50-48a8-8602-ae7e4698935e,child,32,F,KL
a55f9e6b-683a-465f-9426-4aa5277dd6f6,child,31,F,KL
4513638b-a3d8-46f0-a9a1-05c188cd5b61,child,20,M,KL
d329f290-5a4e-430e-803a-a9f5447dcdc0,child,30,M,Selangor
b596ac2e-0f3d-4a6b-8943-6c1e5ff25138,child,31,M,Sabah
2546e19d-65b2-400b-bfe9-4493d3f1fc31,child,24,M,Johor
39f6bad1-9dfc-4ee2-80a0-1a20f6487bc1,child,19,F,Sabah
7d9b2abe-3797-4cb2-9583-12d6ceffe117,child,18,M,KL
9412bbb0-561f-4cd2-8628-9c522cbe4a07,child,31,M,Johor
d79b3f7a-7778-487b-a9dc-43e7b7ceb064,child,25,M,Selangor
aa802d02-0a65-427a-9ce9-b6853c2c5aad,child,20,F,Sabah
c5896cc1-e16c-4391-9342-4fe7d0ab8369,child,26,F,Sarawak
ede32792-7184-4e48-a51c-db4e18d282ea,child,29,M,Penang
5a0b04b9-b7f2-47e6-b9a0-e4c11c2b786d,child,28,F,Sarawak
ea7f23fc-cee9-4284-9621-3d36d084818c,child,29,F,Sarawak
63043cd7-7d25-44e8-906f-99dbc321b714,child,29,M,Penang
f92dd1e5-c823-4878-a788-dcf5214f80ad,child,24,M,Selangor
549ed3de-14ac-47d7-8f36-63a42dc52ede,child,35,F,Penang
71ceb7be-38e1-4230-87fb-cfc14ea2363e,child,27,F,Sarawak
58b6bbfc-5fd6-42cb-ab11-93b8b0e0b39a,child,29,M,Sabah
bf18f315-0481-42e4-a176-9db171e56533,child,34,F,Penang
71bd9077-1094-4ef9-964f-9ade799a53f0,child,28,M,Selangor
fe4c67f9-3119-450f-9c28-eebdff65d18f,child,24,M,Johor
d430058e-ef13-46e2-ba87-4cbce41d34fe,child,21,M,Selangor
0431934b-933d-4fea-8b6b-943c3e51456d,child,22,F,Sabah
450e1789-1fbe-4263-8be2-dcb5b0524e15,child,23,F,Selangor
21e3ef4b-46bd-4be8-8513-c7d936bfea3d,child,22,M,Sarawak
8fac84c7-3c9b-42e7-afa7-bc6e9228b2ef,child,22,M,Johor
11ee872b-b2ec-4759-a503-accde1823ca7,child,31,M,KL
ed9ba773-0493-4cef-92c1-559394ad7632,child,33,M,Penang
28c15088-23b7-4b58-a7eb-a5fa7b7a04e0,child,18,M,Selangor
70a8e499-50b7-4e25-996c-79fdbb423ba5,child,24,M,Sarawak
128d24f4-cd73-47e3-9e41-4d83b1eab3d7,child,26,F,Penang
4b59bffb-a593-470d-92e3-433b826329c9,child,20,M,Sabah
edca2043-8335-4271-969f-097827fadf8a,child,34,M,Sarawak
df5ffbc6-8a44-423d-bf01-46bcaa11d3ea,child,23,M,Sarawak
3846f8c3-19a4-4995-92cb-4d842222b75a,child,34,F,Penang
